<?xml version = '1.0' encoding = 'UTF-8'?>
<Entity class="oracle.dbtools.crest.model.design.logical.Entity" directorySegmentName="seg_0" id="058C6734-0C56-A10C-D60C-4C60E121C365" name="POST">
<createdBy>rm71058</createdBy>
<createdTime>2016-08-17 22:22:48 UTC</createdTime>
<generatorID>C83DB5FF-EF69-8D1D-D6BB-86DFDAA58AF1</generatorID>
<ownerDesignName>modeler</ownerDesignName>
<engineerTo>
<item key="69B8E073-4734-22F0-2D0A-4001F5783833" value="true"/>
</engineerTo>
<adequatelyNormalized>NO</adequatelyNormalized>
<expectedVolumes>0</expectedVolumes>
<fwdEngineeringStrategyName>Single Table</fwdEngineeringStrategyName>
<growthPercent>0</growthPercent>
<growthType>Year</growthType>
<maxVolumes>9999999</maxVolumes>
<minVolumes>0</minVolumes>
<normalForm>Third</normalForm>
<attributes itemClass="oracle.dbtools.crest.model.design.logical.Attribute">
<Attribute name="ID_POST" id="C1AC0BCE-D8A0-7DF4-A666-1F85F6F68633">
<createdBy>rm71058</createdBy>
<createdTime>2016-08-17 22:22:48 UTC</createdTime>
<generatorID>16247A8A-4E83-E3A8-AFA8-94E7F4BB3ACA</generatorID>
<ownerDesignName>modeler</ownerDesignName>
<engineerTo>
<item key="69B8E073-4734-22F0-2D0A-4001F5783833" value="true"/>
</engineerTo>
<useDomainConstraints>false</useDomainConstraints>
<use>1</use>
<logicalDatatype>LOGDT011</logicalDatatype>
<ownDataTypeParameters>,,</ownDataTypeParameters>
</Attribute>
<Attribute name="TITLE" id="74B61263-1A76-518D-637C-212F678C62DE">
<createdBy>rm71058</createdBy>
<createdTime>2016-08-17 22:22:48 UTC</createdTime>
<generatorID>89B3FBBA-AF01-1548-CD9C-A186927432A5</generatorID>
<ownerDesignName>modeler</ownerDesignName>
<engineerTo>
<item key="69B8E073-4734-22F0-2D0A-4001F5783833" value="true"/>
</engineerTo>
<useDomainConstraints>false</useDomainConstraints>
<use>1</use>
<logicalDatatype>LOGDT024</logicalDatatype>
<dataTypeSize>255 BYTE</dataTypeSize>
<ownDataTypeParameters>255 BYTE,,</ownDataTypeParameters>
</Attribute>
<Attribute name="CONTENT" id="8B55DBF7-9EC5-6255-56A4-D6831EDA9E61">
<createdBy>rm71058</createdBy>
<createdTime>2016-08-17 22:22:48 UTC</createdTime>
<generatorID>15E52194-117F-9103-B635-810DE97B13E5</generatorID>
<ownerDesignName>modeler</ownerDesignName>
<engineerTo>
<item key="69B8E073-4734-22F0-2D0A-4001F5783833" value="true"/>
</engineerTo>
<useDomainConstraints>false</useDomainConstraints>
<use>1</use>
<logicalDatatype>LOGDT040</logicalDatatype>
<ownDataTypeParameters>,,</ownDataTypeParameters>
</Attribute>
<Attribute name="CREATED_AT" id="E9042911-5671-17CD-B94B-419546FEA7F8">
<createdBy>rm71058</createdBy>
<createdTime>2016-08-17 22:22:48 UTC</createdTime>
<generatorID>F18DD7E4-01D0-7887-C363-AFA8379ADC65</generatorID>
<ownerDesignName>modeler</ownerDesignName>
<engineerTo>
<item key="69B8E073-4734-22F0-2D0A-4001F5783833" value="true"/>
</engineerTo>
<useDomainConstraints>false</useDomainConstraints>
<use>1</use>
<logicalDatatype>LOGDT008</logicalDatatype>
<ownDataTypeParameters>,,</ownDataTypeParameters>
</Attribute>
<Attribute name="UPDATED_AT" id="A0BFC68F-D540-1FE1-0011-DC8378DAE204">
<createdBy>rm71058</createdBy>
<createdTime>2016-08-17 22:22:48 UTC</createdTime>
<generatorID>F7D39D98-2023-463C-1393-6FA2C103353A</generatorID>
<ownerDesignName>modeler</ownerDesignName>
<engineerTo>
<item key="69B8E073-4734-22F0-2D0A-4001F5783833" value="true"/>
</engineerTo>
<useDomainConstraints>false</useDomainConstraints>
<use>1</use>
<logicalDatatype>LOGDT008</logicalDatatype>
<ownDataTypeParameters>,,</ownDataTypeParameters>
</Attribute>
<Attribute name="PUBLISHED_AT" id="0C6D7D57-CAC7-EDFC-4440-0D871C3E9EBF">
<createdBy>rm71058</createdBy>
<createdTime>2016-08-17 22:22:48 UTC</createdTime>
<generatorID>56F4093B-2050-122D-50E9-BC09B7833A1E</generatorID>
<ownerDesignName>modeler</ownerDesignName>
<engineerTo>
<item key="69B8E073-4734-22F0-2D0A-4001F5783833" value="true"/>
</engineerTo>
<nullsAllowed>true</nullsAllowed>
<useDomainConstraints>false</useDomainConstraints>
<use>1</use>
<logicalDatatype>LOGDT008</logicalDatatype>
<ownDataTypeParameters>,,</ownDataTypeParameters>
</Attribute>
<Attribute name="DELETED_AT" id="0B52FD32-1E85-582B-71EF-549AA17C10C7">
<createdBy>rm71058</createdBy>
<createdTime>2016-08-17 23:45:45 UTC</createdTime>
<ownerDesignName>modeler</ownerDesignName>
<engineerTo>
<item key="69B8E073-4734-22F0-2D0A-4001F5783833" value="true"/>
</engineerTo>
<nullsAllowed>true</nullsAllowed>
<useDomainConstraints>false</useDomainConstraints>
<use>1</use>
<logicalDatatype>LOGDT008</logicalDatatype>
<ownDataTypeParameters>,,</ownDataTypeParameters>
</Attribute>
<Attribute name="ID_USER" id="464B5C42-F2A1-EFB1-0B7D-D1437B79CA91">
<createdBy>rm71058</createdBy>
<createdTime>2016-08-18 19:35:39 UTC</createdTime>
<generatorID>0F2BD66E-F46F-DCD8-8FAA-9FB34EA71F74</generatorID>
<ownerDesignName>modeler</ownerDesignName>
<engineerTo>
<item key="69B8E073-4734-22F0-2D0A-4001F5783833" value="true"/>
</engineerTo>
<referedAttribute>B9AED4AB-0E97-3ED5-77BE-56EA6C92F034</referedAttribute>
<useDomainConstraints>false</useDomainConstraints>
<use>1</use>
<logicalDatatype>LOGDT011</logicalDatatype>
<ownDataTypeParameters>,,</ownDataTypeParameters>
</Attribute>
</attributes>
<identifiers itemClass="oracle.dbtools.crest.model.design.logical.CandidateKey">
<identifier id="D242EBA0-5CCA-CD73-921E-5E0983D71F92" name="News PK">
<createdBy>rm71058</createdBy>
<createdTime>2016-08-17 22:22:48 UTC</createdTime>
<generatorID>1DE291A1-158E-1B39-F7A8-2299E136AEB6</generatorID>
<ownerDesignName>modeler</ownerDesignName>
<engineerTo>
<item key="69B8E073-4734-22F0-2D0A-4001F5783833" value="true"/>
</engineerTo>
<pk>true</pk>
<usedAttributes>
<attributeRef>C1AC0BCE-D8A0-7DF4-A666-1F85F6F68633</attributeRef>
</usedAttributes>
</identifier>
</identifiers>
</Entity>