<?xml version = '1.0' encoding = 'UTF-8'?>
<Entity class="oracle.dbtools.crest.model.design.logical.Entity" directorySegmentName="seg_0" id="133F100D-2CCB-2CA6-B364-018295BA2846" name="DEVICE_GEO_LOCATION">
<createdBy>rm71058</createdBy>
<createdTime>2016-08-17 23:11:01 UTC</createdTime>
<ownerDesignName>modeler</ownerDesignName>
<engineerTo>
<item key="69B8E073-4734-22F0-2D0A-4001F5783833" value="true"/>
</engineerTo>
<adequatelyNormalized>NO</adequatelyNormalized>
<expectedVolumes>0</expectedVolumes>
<fwdEngineeringStrategyName>Single Table</fwdEngineeringStrategyName>
<growthPercent>0</growthPercent>
<growthType>Year</growthType>
<maxVolumes>9999999</maxVolumes>
<minVolumes>0</minVolumes>
<normalForm>Third</normalForm>
<attributes itemClass="oracle.dbtools.crest.model.design.logical.Attribute">
<Attribute name="ID_DEVICE_GEO_LOCATION" id="E88900CE-6972-7AED-70C5-D03754472386">
<createdBy>rm71058</createdBy>
<createdTime>2016-08-17 23:29:58 UTC</createdTime>
<ownerDesignName>modeler</ownerDesignName>
<engineerTo>
<item key="69B8E073-4734-22F0-2D0A-4001F5783833" value="true"/>
</engineerTo>
<useDomainConstraints>false</useDomainConstraints>
<use>1</use>
<logicalDatatype>LOGDT011</logicalDatatype>
<ownDataTypeParameters>,,</ownDataTypeParameters>
</Attribute>
<Attribute name="ID_DEVICE" id="FA04A0B4-976B-FAB0-B8BB-A756812D398E">
<createdBy>rm71058</createdBy>
<createdTime>2016-08-17 23:23:02 UTC</createdTime>
<generatorID>8DD3B6B7-09B0-2219-4321-252BE5A90F43</generatorID>
<ownerDesignName>modeler</ownerDesignName>
<engineerTo>
<item key="69B8E073-4734-22F0-2D0A-4001F5783833" value="true"/>
</engineerTo>
<referedAttribute>D299BAFA-3302-146D-FDD1-83E9AE89C377</referedAttribute>
<useDomainConstraints>false</useDomainConstraints>
<use>1</use>
<logicalDatatype>LOGDT011</logicalDatatype>
<ownDataTypeParameters>,,</ownDataTypeParameters>
</Attribute>
<Attribute name="VERIFIED_AT" id="D417BDD6-2E0C-3613-EA52-8D879D91CB43">
<createdBy>rm71058</createdBy>
<createdTime>2016-08-17 23:11:11 UTC</createdTime>
<ownerDesignName>modeler</ownerDesignName>
<engineerTo>
<item key="69B8E073-4734-22F0-2D0A-4001F5783833" value="true"/>
</engineerTo>
<useDomainConstraints>false</useDomainConstraints>
<use>1</use>
<logicalDatatype>LOGDT008</logicalDatatype>
<ownDataTypeParameters>,,</ownDataTypeParameters>
</Attribute>
<Attribute name="LATITUDE" id="E26E4B4F-27DF-4516-8EF6-F9D44DAFD8DF">
<createdBy>rm71058</createdBy>
<createdTime>2016-08-17 23:11:37 UTC</createdTime>
<ownerDesignName>modeler</ownerDesignName>
<engineerTo>
<item key="69B8E073-4734-22F0-2D0A-4001F5783833" value="true"/>
</engineerTo>
<useDomainConstraints>false</useDomainConstraints>
<use>1</use>
<logicalDatatype>LOGDT021</logicalDatatype>
<dataTypePrecision>9</dataTypePrecision>
<dataTypeScale>7</dataTypeScale>
<ownDataTypeParameters>,9,7</ownDataTypeParameters>
</Attribute>
<Attribute name="LONGITUDE" id="6BB5C8DF-592A-FEBB-01BE-E0F76683E38F">
<createdBy>rm71058</createdBy>
<createdTime>2016-08-17 23:11:53 UTC</createdTime>
<ownerDesignName>modeler</ownerDesignName>
<engineerTo>
<item key="69B8E073-4734-22F0-2D0A-4001F5783833" value="true"/>
</engineerTo>
<useDomainConstraints>false</useDomainConstraints>
<use>1</use>
<logicalDatatype>LOGDT021</logicalDatatype>
<dataTypePrecision>9</dataTypePrecision>
<dataTypeScale>7</dataTypeScale>
<ownDataTypeParameters>,9,7</ownDataTypeParameters>
</Attribute>
</attributes>
<identifiers itemClass="oracle.dbtools.crest.model.design.logical.CandidateKey">
<identifier id="4FCE302C-E620-E4B8-09E5-5F458A4AD463" name="DEVICE_GEO_LOCATIN PK">
<createdBy>rm71058</createdBy>
<createdTime>2016-08-17 23:12:01 UTC</createdTime>
<ownerDesignName>modeler</ownerDesignName>
<engineerTo>
<item key="69B8E073-4734-22F0-2D0A-4001F5783833" value="true"/>
</engineerTo>
<pk>true</pk>
<usedAttributes>
<attributeRef>E88900CE-6972-7AED-70C5-D03754472386</attributeRef>
</usedAttributes>
</identifier>
</identifiers>
</Entity>