<?xml version = '1.0' encoding = 'UTF-8'?>
<Entity class="oracle.dbtools.crest.model.design.logical.Entity" directorySegmentName="seg_0" id="4DC60BB9-FCAE-C7BB-5FB2-23A212CD5E6E" name="USER_LOG">
<createdBy>rm71058</createdBy>
<createdTime>2016-08-18 19:18:09 UTC</createdTime>
<ownerDesignName>modeler</ownerDesignName>
<engineerTo>
<item key="69B8E073-4734-22F0-2D0A-4001F5783833" value="true"/>
</engineerTo>
<adequatelyNormalized>NO</adequatelyNormalized>
<expectedVolumes>0</expectedVolumes>
<fwdEngineeringStrategyName>Single Table</fwdEngineeringStrategyName>
<growthPercent>0</growthPercent>
<growthType>Year</growthType>
<maxVolumes>9999999</maxVolumes>
<minVolumes>0</minVolumes>
<normalForm>Third</normalForm>
<attributes itemClass="oracle.dbtools.crest.model.design.logical.Attribute">
<Attribute name="ID_USER_LOG" id="D3A75D12-7B88-C244-8DFB-B95ED56D2781">
<createdBy>rm71058</createdBy>
<createdTime>2016-08-18 19:18:20 UTC</createdTime>
<ownerDesignName>modeler</ownerDesignName>
<engineerTo>
<item key="69B8E073-4734-22F0-2D0A-4001F5783833" value="true"/>
</engineerTo>
<useDomainConstraints>false</useDomainConstraints>
<use>1</use>
<logicalDatatype>LOGDT011</logicalDatatype>
<ownDataTypeParameters>,,</ownDataTypeParameters>
</Attribute>
<Attribute name="LOG" id="593C6F14-98A2-37E5-3CC6-438C3ADEB281">
<createdBy>rm71058</createdBy>
<createdTime>2016-08-18 19:20:21 UTC</createdTime>
<ownerDesignName>modeler</ownerDesignName>
<engineerTo>
<item key="69B8E073-4734-22F0-2D0A-4001F5783833" value="true"/>
</engineerTo>
<useDomainConstraints>false</useDomainConstraints>
<use>1</use>
<logicalDatatype>LOGDT040</logicalDatatype>
<ownDataTypeParameters>,,</ownDataTypeParameters>
</Attribute>
<Attribute name="ID_USER" id="91B0F48D-570B-ED38-8618-ECBCFFC02539">
<createdBy>rm71058</createdBy>
<createdTime>2016-08-18 19:30:45 UTC</createdTime>
<generatorID>C07367B2-8E51-7A26-EAEC-58BBE0F9039C</generatorID>
<ownerDesignName>modeler</ownerDesignName>
<engineerTo>
<item key="69B8E073-4734-22F0-2D0A-4001F5783833" value="true"/>
</engineerTo>
<referedAttribute>B9AED4AB-0E97-3ED5-77BE-56EA6C92F034</referedAttribute>
<useDomainConstraints>false</useDomainConstraints>
<use>1</use>
<logicalDatatype>LOGDT011</logicalDatatype>
<ownDataTypeParameters>,,</ownDataTypeParameters>
</Attribute>
<Attribute name="CREATED_AT" id="61DE1487-50CA-AFE3-CA50-98B1E4125200">
<createdBy>rm71058</createdBy>
<createdTime>2016-08-18 19:48:52 UTC</createdTime>
<ownerDesignName>modeler</ownerDesignName>
<engineerTo>
<item key="69B8E073-4734-22F0-2D0A-4001F5783833" value="true"/>
</engineerTo>
<useDomainConstraints>false</useDomainConstraints>
<use>1</use>
<logicalDatatype>LOGDT008</logicalDatatype>
<ownDataTypeParameters>,,</ownDataTypeParameters>
</Attribute>
</attributes>
<identifiers itemClass="oracle.dbtools.crest.model.design.logical.CandidateKey">
<identifier id="5EE02582-7139-91A2-DEAA-7FBDBF812B7D" name="USER_HISTORY PK">
<createdBy>rm71058</createdBy>
<createdTime>2016-08-18 19:18:34 UTC</createdTime>
<ownerDesignName>modeler</ownerDesignName>
<engineerTo>
<item key="69B8E073-4734-22F0-2D0A-4001F5783833" value="true"/>
</engineerTo>
<pk>true</pk>
<usedAttributes>
<attributeRef>D3A75D12-7B88-C244-8DFB-B95ED56D2781</attributeRef>
</usedAttributes>
</identifier>
</identifiers>
</Entity>