<?xml version = '1.0' encoding = 'UTF-8'?>
<Entity class="oracle.dbtools.crest.model.design.logical.Entity" directorySegmentName="seg_0" id="D0EEE470-4CCA-29BD-5FF3-F9E8F1C76BDD" name="NET_ACCOUNT">
<createdBy>rm71058</createdBy>
<createdTime>2016-08-17 23:38:45 UTC</createdTime>
<ownerDesignName>modeler</ownerDesignName>
<engineerTo>
<item key="69B8E073-4734-22F0-2D0A-4001F5783833" value="true"/>
</engineerTo>
<adequatelyNormalized>NO</adequatelyNormalized>
<expectedVolumes>0</expectedVolumes>
<fwdEngineeringStrategyName>Single Table</fwdEngineeringStrategyName>
<growthPercent>0</growthPercent>
<growthType>Year</growthType>
<maxVolumes>9999999</maxVolumes>
<minVolumes>0</minVolumes>
<normalForm>Third</normalForm>
<attributes itemClass="oracle.dbtools.crest.model.design.logical.Attribute">
<Attribute name="ACCESS_TOKEN_ID" id="B6AE7ED3-B19D-9CC4-B9CF-BAFB3F57DF72">
<createdBy>rm71058</createdBy>
<createdTime>2016-08-17 23:39:07 UTC</createdTime>
<ownerDesignName>modeler</ownerDesignName>
<engineerTo>
<item key="69B8E073-4734-22F0-2D0A-4001F5783833" value="true"/>
</engineerTo>
<useDomainConstraints>false</useDomainConstraints>
<use>1</use>
<logicalDatatype>LOGDT024</logicalDatatype>
<dataTypeSize>255</dataTypeSize>
<ownDataTypeParameters>255,,</ownDataTypeParameters>
</Attribute>
<Attribute name="ID_USER" id="37E3C7CD-D6B9-C85D-53FB-064AC30102D5">
<createdBy>rm71058</createdBy>
<createdTime>2016-08-17 23:41:18 UTC</createdTime>
<generatorID>6012FFC8-DF61-053D-C214-E40078F5EF7E</generatorID>
<ownerDesignName>modeler</ownerDesignName>
<engineerTo>
<item key="69B8E073-4734-22F0-2D0A-4001F5783833" value="true"/>
</engineerTo>
<referedAttribute>B9AED4AB-0E97-3ED5-77BE-56EA6C92F034</referedAttribute>
<useDomainConstraints>false</useDomainConstraints>
<use>1</use>
<logicalDatatype>LOGDT011</logicalDatatype>
<ownDataTypeParameters>,,</ownDataTypeParameters>
</Attribute>
<Attribute name="IDENTIFIER" id="DA6CF6B1-BF7B-3C59-0ACC-992D8FB607C4">
<createdBy>rm71058</createdBy>
<createdTime>2016-08-17 23:39:51 UTC</createdTime>
<ownerDesignName>modeler</ownerDesignName>
<engineerTo>
<item key="69B8E073-4734-22F0-2D0A-4001F5783833" value="true"/>
</engineerTo>
<useDomainConstraints>false</useDomainConstraints>
<use>1</use>
<logicalDatatype>LOGDT024</logicalDatatype>
<dataTypeSize>50</dataTypeSize>
<ownDataTypeParameters>50,,</ownDataTypeParameters>
</Attribute>
<Attribute name="PROVIDER" id="66F95B20-9F83-B7FC-5697-534D9D418441">
<createdBy>rm71058</createdBy>
<createdTime>2016-08-17 23:41:48 UTC</createdTime>
<ownerDesignName>modeler</ownerDesignName>
<engineerTo>
<item key="69B8E073-4734-22F0-2D0A-4001F5783833" value="true"/>
</engineerTo>
<useDomainConstraints>false</useDomainConstraints>
<use>1</use>
<logicalDatatype>LOGDT024</logicalDatatype>
<dataTypeSize>50</dataTypeSize>
<ownDataTypeParameters>50,,</ownDataTypeParameters>
</Attribute>
</attributes>
<identifiers itemClass="oracle.dbtools.crest.model.design.logical.CandidateKey">
<identifier id="9CEAC311-D515-61C2-879A-F063F0D4587A" name="NET_ACCOUNT PK">
<createdBy>rm71058</createdBy>
<createdTime>2016-08-17 23:43:01 UTC</createdTime>
<ownerDesignName>modeler</ownerDesignName>
<engineerTo>
<item key="69B8E073-4734-22F0-2D0A-4001F5783833" value="true"/>
</engineerTo>
<pk>true</pk>
<usedAttributes>
<attributeRef>B6AE7ED3-B19D-9CC4-B9CF-BAFB3F57DF72</attributeRef>
</usedAttributes>
</identifier>
</identifiers>
</Entity>