<?xml version = '1.0' encoding = 'UTF-8'?>
<Table class="oracle.dbtools.crest.model.design.relational.Table" directorySegmentName="seg_0" id="0466A10B-0B3C-ED90-C64C-26611CF6D108" name="DEVICE_GEO_LOCATION">
<createdBy>rm71058</createdBy>
<createdTime>2016-08-18 19:51:35 UTC</createdTime>
<generatorID>133F100D-2CCB-2CA6-B364-018295BA2846</generatorID>
<ownerDesignName>modeler</ownerDesignName>
<allowColumnReorder>false</allowColumnReorder>
<existDependencyGenerateInDDl>true</existDependencyGenerateInDDl>
<parsed>true</parsed>
<columns itemClass="oracle.dbtools.crest.model.design.relational.Column">
<Column name="ID_DEVICE_GEO_LOCATION" id="DDEBE844-7D8B-12E2-E3E8-96AE32FF3158">
<createdBy>rm71058</createdBy>
<createdTime>2016-08-18 19:51:35 UTC</createdTime>
<generatorID>E88900CE-6972-7AED-70C5-D03754472386</generatorID>
<ownerDesignName>modeler</ownerDesignName>
<useDomainConstraints>false</useDomainConstraints>
<use>1</use>
<logicalDatatype>LOGDT011</logicalDatatype>
<ownDataTypeParameters>,,</ownDataTypeParameters>
<autoIncrementCycle>false</autoIncrementCycle>
</Column>
<Column name="DEVICE_ID_DEVICE" id="999FCEB8-2D04-40D5-DD7E-ED178DB851A4">
<createdBy>rm71058</createdBy>
<createdTime>2016-08-18 19:51:35 UTC</createdTime>
<generatorID>FA04A0B4-976B-FAB0-B8BB-A756812D398E</generatorID>
<ownerDesignName>modeler</ownerDesignName>
<useDomainConstraints>false</useDomainConstraints>
<use>1</use>
<logicalDatatype>LOGDT011</logicalDatatype>
<ownDataTypeParameters>,,</ownDataTypeParameters>
<previousColumn>false</previousColumn>
<autoIncrementCycle>false</autoIncrementCycle>
<associations>
<colAssociation fkAssociation="8729E6F7-25EF-C247-BFE9-5E5600E8D01F" referredColumn="3DC5B845-5830-7FEA-08EB-E702A4CF56B7"/>
</associations>
</Column>
<Column name="VERIFIED_AT" id="82E848CA-2BF7-9473-95EA-5CAEE44E46C5">
<createdBy>rm71058</createdBy>
<createdTime>2016-08-18 19:51:35 UTC</createdTime>
<generatorID>D417BDD6-2E0C-3613-EA52-8D879D91CB43</generatorID>
<ownerDesignName>modeler</ownerDesignName>
<useDomainConstraints>false</useDomainConstraints>
<use>1</use>
<logicalDatatype>LOGDT008</logicalDatatype>
<ownDataTypeParameters>,,</ownDataTypeParameters>
<autoIncrementCycle>false</autoIncrementCycle>
</Column>
<Column name="LATITUDE" id="3240D584-FCDE-FBD1-AD43-54E3B40B3194">
<createdBy>rm71058</createdBy>
<createdTime>2016-08-18 19:51:35 UTC</createdTime>
<generatorID>E26E4B4F-27DF-4516-8EF6-F9D44DAFD8DF</generatorID>
<ownerDesignName>modeler</ownerDesignName>
<useDomainConstraints>false</useDomainConstraints>
<use>1</use>
<logicalDatatype>LOGDT021</logicalDatatype>
<dataTypePrecision>9</dataTypePrecision>
<dataTypeScale>7</dataTypeScale>
<ownDataTypeParameters>,9,7</ownDataTypeParameters>
<autoIncrementCycle>false</autoIncrementCycle>
</Column>
<Column name="LONGITUDE" id="33AC24EB-CC22-1B35-3CB6-9AD1E67BB233">
<createdBy>rm71058</createdBy>
<createdTime>2016-08-18 19:51:35 UTC</createdTime>
<generatorID>6BB5C8DF-592A-FEBB-01BE-E0F76683E38F</generatorID>
<ownerDesignName>modeler</ownerDesignName>
<useDomainConstraints>false</useDomainConstraints>
<use>1</use>
<logicalDatatype>LOGDT021</logicalDatatype>
<dataTypePrecision>9</dataTypePrecision>
<dataTypeScale>7</dataTypeScale>
<ownDataTypeParameters>,9,7</ownDataTypeParameters>
<autoIncrementCycle>false</autoIncrementCycle>
</Column>
</columns>
<indexes itemClass="oracle.dbtools.crest.model.design.relational.Index">
<ind_PK_UK id="9EDC71CA-C433-25DA-19E5-88A1709094B5" name="DEVICE_GEO_LOCATION_PK">
<createdBy>rm71058</createdBy>
<createdTime>2016-08-18 19:51:35 UTC</createdTime>
<generatorID>4FCE302C-E620-E4B8-09E5-5F458A4AD463</generatorID>
<ownerDesignName>modeler</ownerDesignName>
<pk>true</pk>
<indexState>Primary Constraint</indexState>
<isSurrogateKey>false</isSurrogateKey>
<indexColumnUsage>
<colUsage columnID="DDEBE844-7D8B-12E2-E3E8-96AE32FF3158"/>
</indexColumnUsage>
</ind_PK_UK>
<ind_PK_UK id="A3B963B6-7736-16BB-3F0E-1E48FA4CB6D1" name="DEVICE_GEO_LOCATION_DEVICE_FK">
<createdBy>rm71058</createdBy>
<createdTime>2016-08-18 19:51:35 UTC</createdTime>
<generatorID>8DD3B6B7-09B0-2219-4321-252BE5A90F43</generatorID>
<ownerDesignName>modeler</ownerDesignName>
<indexState>Foreign Key</indexState>
<isSurrogateKey>false</isSurrogateKey>
<indexColumnUsage>
<colUsage columnID="999FCEB8-2D04-40D5-DD7E-ED178DB851A4"/>
</indexColumnUsage>
</ind_PK_UK>
</indexes>
</Table>