<?xml version = '1.0' encoding = 'UTF-8'?>
<Table class="oracle.dbtools.crest.model.design.relational.Table" directorySegmentName="seg_0" id="34733ED7-170A-D033-3E00-9FD75EEDA3FA" name="DEVICE_LOG">
<createdBy>rm71058</createdBy>
<createdTime>2016-08-18 19:51:35 UTC</createdTime>
<generatorID>BA771C5C-B53D-D60F-11A8-D99B91AF8C3E</generatorID>
<ownerDesignName>modeler</ownerDesignName>
<allowColumnReorder>false</allowColumnReorder>
<existDependencyGenerateInDDl>true</existDependencyGenerateInDDl>
<parsed>true</parsed>
<columns itemClass="oracle.dbtools.crest.model.design.relational.Column">
<Column name="ID_DEVICE_LOG" id="D5814334-1BC1-DCB3-1BD7-EC9599612E1A">
<createdBy>rm71058</createdBy>
<createdTime>2016-08-18 19:51:35 UTC</createdTime>
<generatorID>97E8AC52-650B-F1B9-920D-5E29C7C3F435</generatorID>
<ownerDesignName>modeler</ownerDesignName>
<useDomainConstraints>false</useDomainConstraints>
<use>1</use>
<logicalDatatype>LOGDT011</logicalDatatype>
<ownDataTypeParameters>,,</ownDataTypeParameters>
<autoIncrementCycle>false</autoIncrementCycle>
</Column>
<Column name="LOG" id="5326DC5C-014A-17CD-DA93-87CB2BEFF7B9">
<createdBy>rm71058</createdBy>
<createdTime>2016-08-18 19:51:35 UTC</createdTime>
<generatorID>F1FC4676-6B25-E2C9-D01E-132304EABA75</generatorID>
<ownerDesignName>modeler</ownerDesignName>
<useDomainConstraints>false</useDomainConstraints>
<use>1</use>
<logicalDatatype>LOGDT040</logicalDatatype>
<ownDataTypeParameters>,,</ownDataTypeParameters>
<autoIncrementCycle>false</autoIncrementCycle>
</Column>
<Column name="DEVICE_ID_DEVICE" id="6EE78856-ABDD-DE01-0989-2674E3059265">
<createdBy>rm71058</createdBy>
<createdTime>2016-08-18 19:51:35 UTC</createdTime>
<generatorID>1AC00645-0840-65CE-1575-5845F52AACC2</generatorID>
<ownerDesignName>modeler</ownerDesignName>
<useDomainConstraints>false</useDomainConstraints>
<use>1</use>
<logicalDatatype>LOGDT011</logicalDatatype>
<ownDataTypeParameters>,,</ownDataTypeParameters>
<previousColumn>false</previousColumn>
<autoIncrementCycle>false</autoIncrementCycle>
<associations>
<colAssociation fkAssociation="EAD64368-DCF8-8CD1-811E-31FF86D4207C" referredColumn="3DC5B845-5830-7FEA-08EB-E702A4CF56B7"/>
</associations>
</Column>
<Column name="CREATED_AT" id="9B5CC5D2-D745-73EB-1121-BE51D29A44D0">
<createdBy>rm71058</createdBy>
<createdTime>2016-08-18 19:51:35 UTC</createdTime>
<generatorID>CD6C8685-0C40-F2B7-2D1E-BAA0BCD14D44</generatorID>
<ownerDesignName>modeler</ownerDesignName>
<useDomainConstraints>false</useDomainConstraints>
<use>1</use>
<logicalDatatype>LOGDT008</logicalDatatype>
<ownDataTypeParameters>,,</ownDataTypeParameters>
<autoIncrementCycle>false</autoIncrementCycle>
</Column>
</columns>
<indexes itemClass="oracle.dbtools.crest.model.design.relational.Index">
<ind_PK_UK id="54395E04-4FE0-FEFF-0787-B7F5A9332EE1" name="DEVICE_LOG_PK">
<createdBy>rm71058</createdBy>
<createdTime>2016-08-18 19:51:35 UTC</createdTime>
<generatorID>6407CAE0-8458-B695-BF32-832D73B6A503</generatorID>
<ownerDesignName>modeler</ownerDesignName>
<pk>true</pk>
<indexState>Primary Constraint</indexState>
<isSurrogateKey>false</isSurrogateKey>
<indexColumnUsage>
<colUsage columnID="D5814334-1BC1-DCB3-1BD7-EC9599612E1A"/>
</indexColumnUsage>
</ind_PK_UK>
<ind_PK_UK id="B2316ED8-C1E7-C706-96E0-9A1BB76D47AC" name="DEVICE_LOG_DEVICE_FK">
<createdBy>rm71058</createdBy>
<createdTime>2016-08-18 19:51:35 UTC</createdTime>
<generatorID>0F26043B-8DD6-DDF5-7AE5-14DFFB187C2D</generatorID>
<ownerDesignName>modeler</ownerDesignName>
<indexState>Foreign Key</indexState>
<isSurrogateKey>false</isSurrogateKey>
<indexColumnUsage>
<colUsage columnID="6EE78856-ABDD-DE01-0989-2674E3059265"/>
</indexColumnUsage>
</ind_PK_UK>
</indexes>
</Table>