<?xml version = '1.0' encoding = 'UTF-8'?>
<Table class="oracle.dbtools.crest.model.design.relational.Table" directorySegmentName="seg_0" id="6B0D4B0A-9390-7B82-412A-89AEB4CB3392" name="COMMENT_LOG">
<createdBy>rm71058</createdBy>
<createdTime>2016-08-18 19:51:35 UTC</createdTime>
<generatorID>F04ABB52-4A7E-B163-08F5-B537F24FAE6A</generatorID>
<ownerDesignName>modeler</ownerDesignName>
<allowColumnReorder>false</allowColumnReorder>
<existDependencyGenerateInDDl>true</existDependencyGenerateInDDl>
<parsed>true</parsed>
<columns itemClass="oracle.dbtools.crest.model.design.relational.Column">
<Column name="ID_COMMENT_LOG" id="CD880C25-53C3-667F-6CE1-A423B8409897">
<createdBy>rm71058</createdBy>
<createdTime>2016-08-18 19:51:35 UTC</createdTime>
<generatorID>0AFF4EDA-518A-00B5-570A-50D2D2712144</generatorID>
<ownerDesignName>modeler</ownerDesignName>
<useDomainConstraints>false</useDomainConstraints>
<use>1</use>
<logicalDatatype>LOGDT011</logicalDatatype>
<ownDataTypeParameters>,,</ownDataTypeParameters>
<autoIncrementCycle>false</autoIncrementCycle>
</Column>
<Column name="LOG" id="ED311DF2-7218-18DC-6629-667D757EBED7">
<createdBy>rm71058</createdBy>
<createdTime>2016-08-18 19:51:35 UTC</createdTime>
<generatorID>9397CD72-0312-0385-B659-177BC29B3447</generatorID>
<ownerDesignName>modeler</ownerDesignName>
<useDomainConstraints>false</useDomainConstraints>
<use>1</use>
<logicalDatatype>LOGDT040</logicalDatatype>
<ownDataTypeParameters>,,</ownDataTypeParameters>
<autoIncrementCycle>false</autoIncrementCycle>
</Column>
<Column name="COMMENT_ID_COMMENT" id="F97F9383-D66F-C6AA-9910-6C0DD8383A51">
<createdBy>rm71058</createdBy>
<createdTime>2016-08-18 19:51:35 UTC</createdTime>
<generatorID>D6742BC9-7726-F878-FB53-AC6CA79000C3</generatorID>
<ownerDesignName>modeler</ownerDesignName>
<useDomainConstraints>false</useDomainConstraints>
<use>1</use>
<logicalDatatype>LOGDT011</logicalDatatype>
<ownDataTypeParameters>,,</ownDataTypeParameters>
<previousColumn>false</previousColumn>
<autoIncrementCycle>false</autoIncrementCycle>
<associations>
<colAssociation fkAssociation="FBC50FFE-83C2-1237-7A16-1FCB7D9588A9" referredColumn="D93CB4E9-57E0-F8B5-84F9-3DDA67B387B1"/>
</associations>
</Column>
<Column name="CREATED_AT" id="BF1CF859-F271-59E8-E53C-CD559F46A34F">
<createdBy>rm71058</createdBy>
<createdTime>2016-08-18 19:51:35 UTC</createdTime>
<generatorID>68F7E22E-BD23-AD82-2750-DBC6B06152B4</generatorID>
<ownerDesignName>modeler</ownerDesignName>
<useDomainConstraints>false</useDomainConstraints>
<use>1</use>
<logicalDatatype>LOGDT008</logicalDatatype>
<ownDataTypeParameters>,,</ownDataTypeParameters>
<autoIncrementCycle>false</autoIncrementCycle>
</Column>
</columns>
<indexes itemClass="oracle.dbtools.crest.model.design.relational.Index">
<ind_PK_UK id="CA840BF9-8F3A-EC72-2D0F-2F233DDA81A9" name="COMMENT_LOG_PK">
<createdBy>rm71058</createdBy>
<createdTime>2016-08-18 19:51:35 UTC</createdTime>
<generatorID>C73574B3-4122-8739-CDDD-C1F3885089DB</generatorID>
<ownerDesignName>modeler</ownerDesignName>
<pk>true</pk>
<indexState>Primary Constraint</indexState>
<isSurrogateKey>false</isSurrogateKey>
<indexColumnUsage>
<colUsage columnID="CD880C25-53C3-667F-6CE1-A423B8409897"/>
</indexColumnUsage>
</ind_PK_UK>
<ind_PK_UK id="56DC1257-8FDD-2ED1-3D89-3BB8203E9159" name="COMMENT_LOG_COMMENT_FK">
<createdBy>rm71058</createdBy>
<createdTime>2016-08-18 19:51:35 UTC</createdTime>
<generatorID>AA8B327C-5B94-8F4B-15C8-29F5EDB08566</generatorID>
<ownerDesignName>modeler</ownerDesignName>
<indexState>Foreign Key</indexState>
<isSurrogateKey>false</isSurrogateKey>
<indexColumnUsage>
<colUsage columnID="F97F9383-D66F-C6AA-9910-6C0DD8383A51"/>
</indexColumnUsage>
</ind_PK_UK>
</indexes>
</Table>