<?xml version = '1.0' encoding = 'UTF-8'?>
<Table class="oracle.dbtools.crest.model.design.relational.Table" directorySegmentName="seg_0" id="6E987B90-8EB4-9779-E647-605D691311F9" name="USER">
<createdBy>rm71058</createdBy>
<createdTime>2016-08-18 19:51:35 UTC</createdTime>
<generatorID>DB86FEFA-0602-3F85-B2B4-06A85D050278</generatorID>
<ownerDesignName>modeler</ownerDesignName>
<allowColumnReorder>false</allowColumnReorder>
<existDependencyGenerateInDDl>true</existDependencyGenerateInDDl>
<parsed>true</parsed>
<columns itemClass="oracle.dbtools.crest.model.design.relational.Column">
<Column name="ID_USER" id="80F6D8E2-38ED-26EF-DE25-09F1AF5DFBEE">
<createdBy>rm71058</createdBy>
<createdTime>2016-08-18 19:51:35 UTC</createdTime>
<generatorID>B9AED4AB-0E97-3ED5-77BE-56EA6C92F034</generatorID>
<ownerDesignName>modeler</ownerDesignName>
<useDomainConstraints>false</useDomainConstraints>
<use>1</use>
<logicalDatatype>LOGDT011</logicalDatatype>
<ownDataTypeParameters>,,</ownDataTypeParameters>
<autoIncrementCycle>false</autoIncrementCycle>
</Column>
<Column name="NAME" id="55360951-D675-674D-D93D-E9C544EACC51">
<createdBy>rm71058</createdBy>
<createdTime>2016-08-18 19:51:35 UTC</createdTime>
<generatorID>4595B826-EEE5-5F6E-0F6F-25D7E6A804A6</generatorID>
<ownerDesignName>modeler</ownerDesignName>
<useDomainConstraints>false</useDomainConstraints>
<use>1</use>
<logicalDatatype>LOGDT024</logicalDatatype>
<dataTypeSize>255</dataTypeSize>
<ownDataTypeParameters>255,,</ownDataTypeParameters>
<autoIncrementCycle>false</autoIncrementCycle>
</Column>
<Column name="PASSWORD" id="2C87C87A-BD9F-3215-26D5-662CC35E5B4A">
<createdBy>rm71058</createdBy>
<createdTime>2016-08-18 19:51:35 UTC</createdTime>
<generatorID>86DEA0C5-DDA4-0599-69AE-D7376F3A0269</generatorID>
<ownerDesignName>modeler</ownerDesignName>
<useDomainConstraints>false</useDomainConstraints>
<use>1</use>
<logicalDatatype>LOGDT024</logicalDatatype>
<dataTypeSize>255</dataTypeSize>
<ownDataTypeParameters>255,,</ownDataTypeParameters>
<autoIncrementCycle>false</autoIncrementCycle>
</Column>
<Column name="EMAIL" id="556FAEB9-B54E-3CFB-E9FC-55271ACA70D6">
<createdBy>rm71058</createdBy>
<createdTime>2016-08-18 19:51:35 UTC</createdTime>
<generatorID>2677350F-2220-DB0A-9706-AD79F67DCC23</generatorID>
<ownerDesignName>modeler</ownerDesignName>
<useDomainConstraints>false</useDomainConstraints>
<use>1</use>
<logicalDatatype>LOGDT024</logicalDatatype>
<dataTypeSize>255</dataTypeSize>
<ownDataTypeParameters>255,,</ownDataTypeParameters>
<autoIncrementCycle>false</autoIncrementCycle>
</Column>
<Column name="PERMISSION" id="BE893AC6-DB53-E421-C9BE-E2531FEA4FBA">
<createdBy>rm71058</createdBy>
<createdTime>2016-08-18 19:51:35 UTC</createdTime>
<generatorID>7F71B644-E3D4-65D0-1D7B-62B18CEBA8E6</generatorID>
<ownerDesignName>modeler</ownerDesignName>
<constraintName>CK_USER_PERMISSION</constraintName>
<useDomainConstraints>false</useDomainConstraints>
<use>1</use>
<logicalDatatype>LOGDT011</logicalDatatype>
<listOfValues>
<valueDef value="1" description="PUBLIC"/>
<valueDef value="2" description="EDITOR"/>
<valueDef value="3" description="ADMIN"/>
</listOfValues>
<defaultValue>1</defaultValue>
<ownDataTypeParameters>,,</ownDataTypeParameters>
<autoIncrementCycle>false</autoIncrementCycle>
</Column>
<Column name="CREATED_AT" id="FF105882-43A0-6CCE-323B-707BCA1FE54D">
<createdBy>rm71058</createdBy>
<createdTime>2016-08-18 19:51:35 UTC</createdTime>
<generatorID>904B852F-D4BE-7624-5035-CE4017B6B7C1</generatorID>
<ownerDesignName>modeler</ownerDesignName>
<useDomainConstraints>false</useDomainConstraints>
<use>1</use>
<logicalDatatype>LOGDT008</logicalDatatype>
<ownDataTypeParameters>,,</ownDataTypeParameters>
<autoIncrementCycle>false</autoIncrementCycle>
</Column>
<Column name="UPDATED_AT" id="7D7A5461-DAE5-463F-67E4-371D621ACDCC">
<createdBy>rm71058</createdBy>
<createdTime>2016-08-18 19:51:35 UTC</createdTime>
<generatorID>26C98934-2A90-96C4-15F7-5CBF00592AE9</generatorID>
<ownerDesignName>modeler</ownerDesignName>
<useDomainConstraints>false</useDomainConstraints>
<use>1</use>
<logicalDatatype>LOGDT008</logicalDatatype>
<ownDataTypeParameters>,,</ownDataTypeParameters>
<autoIncrementCycle>false</autoIncrementCycle>
</Column>
</columns>
<indexes itemClass="oracle.dbtools.crest.model.design.relational.Index">
<ind_PK_UK id="1F79C624-BCDF-8611-B7F7-B84015B79DE4" name="USER_PK">
<createdBy>rm71058</createdBy>
<createdTime>2016-08-18 19:51:35 UTC</createdTime>
<generatorID>5665F9B8-BACA-31F3-BCE5-38D197632A25</generatorID>
<ownerDesignName>modeler</ownerDesignName>
<pk>true</pk>
<indexState>Primary Constraint</indexState>
<isSurrogateKey>false</isSurrogateKey>
<indexColumnUsage>
<colUsage columnID="80F6D8E2-38ED-26EF-DE25-09F1AF5DFBEE"/>
</indexColumnUsage>
</ind_PK_UK>
</indexes>
</Table>