<?xml version = '1.0' encoding = 'UTF-8'?>
<Table class="oracle.dbtools.crest.model.design.relational.Table" directorySegmentName="seg_0" id="882AD772-567E-DEED-6E9B-578C19782589" name="POST_LOG">
<createdBy>rm71058</createdBy>
<createdTime>2016-08-18 19:51:35 UTC</createdTime>
<generatorID>8A1F8AF2-723D-7B92-8A9E-E7388C02737F</generatorID>
<ownerDesignName>modeler</ownerDesignName>
<allowColumnReorder>false</allowColumnReorder>
<existDependencyGenerateInDDl>true</existDependencyGenerateInDDl>
<parsed>true</parsed>
<columns itemClass="oracle.dbtools.crest.model.design.relational.Column">
<Column name="ID_POST_LOG" id="28635D98-E17E-0E8D-FAD3-F8B88D84127D">
<createdBy>rm71058</createdBy>
<createdTime>2016-08-18 19:51:35 UTC</createdTime>
<generatorID>538CD3F4-5807-036F-2103-DCE1FAC5444C</generatorID>
<ownerDesignName>modeler</ownerDesignName>
<useDomainConstraints>false</useDomainConstraints>
<use>1</use>
<logicalDatatype>LOGDT011</logicalDatatype>
<ownDataTypeParameters>,,</ownDataTypeParameters>
<autoIncrementCycle>false</autoIncrementCycle>
</Column>
<Column name="LOG" id="50357EE6-CE4E-B441-5860-C05A7ECCEB33">
<createdBy>rm71058</createdBy>
<createdTime>2016-08-18 19:51:35 UTC</createdTime>
<generatorID>9DB71CE8-2B79-74FB-4338-CFFDE2F0A2F6</generatorID>
<ownerDesignName>modeler</ownerDesignName>
<useDomainConstraints>false</useDomainConstraints>
<use>1</use>
<logicalDatatype>LOGDT040</logicalDatatype>
<ownDataTypeParameters>,,</ownDataTypeParameters>
<autoIncrementCycle>false</autoIncrementCycle>
</Column>
<Column name="POST_ID_POST" id="62AC20EF-3818-C3D9-C10D-076C29905B2A">
<createdBy>rm71058</createdBy>
<createdTime>2016-08-18 19:51:35 UTC</createdTime>
<generatorID>265D6AE8-1853-EDC1-A467-F95DE0D9B59A</generatorID>
<ownerDesignName>modeler</ownerDesignName>
<useDomainConstraints>false</useDomainConstraints>
<use>1</use>
<logicalDatatype>LOGDT011</logicalDatatype>
<ownDataTypeParameters>,,</ownDataTypeParameters>
<previousColumn>false</previousColumn>
<autoIncrementCycle>false</autoIncrementCycle>
<associations>
<colAssociation fkAssociation="CA4510BD-BD67-C12C-311B-2A291A79B5D7" referredColumn="26B32362-4C10-D86A-716E-21C95F6704CB"/>
</associations>
</Column>
<Column name="CREATED_AT" id="BDF5ABE8-28E7-A82A-DB32-DA22212D67BE">
<createdBy>rm71058</createdBy>
<createdTime>2016-08-18 19:51:35 UTC</createdTime>
<generatorID>B648C73B-A1BA-E860-630A-EFA12E1FCAAC</generatorID>
<ownerDesignName>modeler</ownerDesignName>
<useDomainConstraints>false</useDomainConstraints>
<use>1</use>
<logicalDatatype>LOGDT008</logicalDatatype>
<ownDataTypeParameters>,,</ownDataTypeParameters>
<autoIncrementCycle>false</autoIncrementCycle>
</Column>
</columns>
<indexes itemClass="oracle.dbtools.crest.model.design.relational.Index">
<ind_PK_UK id="F96A0566-CE7E-06B7-0B7A-3B5F5D021681" name="POST_LOG_PK">
<createdBy>rm71058</createdBy>
<createdTime>2016-08-18 19:51:35 UTC</createdTime>
<generatorID>16DB8594-6FB2-93DE-DA9C-260E8EEA1976</generatorID>
<ownerDesignName>modeler</ownerDesignName>
<pk>true</pk>
<indexState>Primary Constraint</indexState>
<isSurrogateKey>false</isSurrogateKey>
<indexColumnUsage>
<colUsage columnID="28635D98-E17E-0E8D-FAD3-F8B88D84127D"/>
</indexColumnUsage>
</ind_PK_UK>
<ind_PK_UK id="155183E4-89F2-AE85-E7EC-1FCDBFC87D26" name="POST_LOG_POST_FK">
<createdBy>rm71058</createdBy>
<createdTime>2016-08-18 19:51:35 UTC</createdTime>
<generatorID>7B54224A-23B4-59A1-EC92-EC4130E6BC85</generatorID>
<ownerDesignName>modeler</ownerDesignName>
<indexState>Foreign Key</indexState>
<isSurrogateKey>false</isSurrogateKey>
<indexColumnUsage>
<colUsage columnID="62AC20EF-3818-C3D9-C10D-076C29905B2A"/>
</indexColumnUsage>
</ind_PK_UK>
</indexes>
</Table>