<?xml version = '1.0' encoding = 'UTF-8'?>
<Table class="oracle.dbtools.crest.model.design.relational.Table" directorySegmentName="seg_0" id="898FE2ED-F2DC-B898-7427-0AA346160317" name="USER_LOG">
<createdBy>rm71058</createdBy>
<createdTime>2016-08-18 19:51:35 UTC</createdTime>
<generatorID>4DC60BB9-FCAE-C7BB-5FB2-23A212CD5E6E</generatorID>
<ownerDesignName>modeler</ownerDesignName>
<allowColumnReorder>false</allowColumnReorder>
<existDependencyGenerateInDDl>true</existDependencyGenerateInDDl>
<parsed>true</parsed>
<columns itemClass="oracle.dbtools.crest.model.design.relational.Column">
<Column name="ID_USER_LOG" id="CD1CE2FE-423B-CE72-C11C-6D0F795B9391">
<createdBy>rm71058</createdBy>
<createdTime>2016-08-18 19:51:35 UTC</createdTime>
<generatorID>D3A75D12-7B88-C244-8DFB-B95ED56D2781</generatorID>
<ownerDesignName>modeler</ownerDesignName>
<useDomainConstraints>false</useDomainConstraints>
<use>1</use>
<logicalDatatype>LOGDT011</logicalDatatype>
<ownDataTypeParameters>,,</ownDataTypeParameters>
<autoIncrementCycle>false</autoIncrementCycle>
</Column>
<Column name="LOG" id="8DAAB747-904F-6234-BE79-8FBFE4570353">
<createdBy>rm71058</createdBy>
<createdTime>2016-08-18 19:51:35 UTC</createdTime>
<generatorID>593C6F14-98A2-37E5-3CC6-438C3ADEB281</generatorID>
<ownerDesignName>modeler</ownerDesignName>
<useDomainConstraints>false</useDomainConstraints>
<use>1</use>
<logicalDatatype>LOGDT040</logicalDatatype>
<ownDataTypeParameters>,,</ownDataTypeParameters>
<autoIncrementCycle>false</autoIncrementCycle>
</Column>
<Column name="USER_ID_USER" id="2AEFD399-8B81-F335-4158-AAC0DF97CBB0">
<createdBy>rm71058</createdBy>
<createdTime>2016-08-18 19:51:35 UTC</createdTime>
<generatorID>91B0F48D-570B-ED38-8618-ECBCFFC02539</generatorID>
<ownerDesignName>modeler</ownerDesignName>
<useDomainConstraints>false</useDomainConstraints>
<use>1</use>
<logicalDatatype>LOGDT011</logicalDatatype>
<ownDataTypeParameters>,,</ownDataTypeParameters>
<previousColumn>false</previousColumn>
<autoIncrementCycle>false</autoIncrementCycle>
<associations>
<colAssociation fkAssociation="DA304621-66D7-D71A-D7C0-C5610889A83B" referredColumn="80F6D8E2-38ED-26EF-DE25-09F1AF5DFBEE"/>
</associations>
</Column>
<Column name="CREATED_AT" id="8D4E308B-F1CD-C3AE-C736-C828304372BA">
<createdBy>rm71058</createdBy>
<createdTime>2016-08-18 19:51:35 UTC</createdTime>
<generatorID>61DE1487-50CA-AFE3-CA50-98B1E4125200</generatorID>
<ownerDesignName>modeler</ownerDesignName>
<useDomainConstraints>false</useDomainConstraints>
<use>1</use>
<logicalDatatype>LOGDT008</logicalDatatype>
<ownDataTypeParameters>,,</ownDataTypeParameters>
<autoIncrementCycle>false</autoIncrementCycle>
</Column>
</columns>
<indexes itemClass="oracle.dbtools.crest.model.design.relational.Index">
<ind_PK_UK id="07672EFF-83A4-3194-CFFB-700E72221021" name="USER_LOG_PK">
<createdBy>rm71058</createdBy>
<createdTime>2016-08-18 19:51:35 UTC</createdTime>
<generatorID>5EE02582-7139-91A2-DEAA-7FBDBF812B7D</generatorID>
<ownerDesignName>modeler</ownerDesignName>
<pk>true</pk>
<indexState>Primary Constraint</indexState>
<isSurrogateKey>false</isSurrogateKey>
<indexColumnUsage>
<colUsage columnID="CD1CE2FE-423B-CE72-C11C-6D0F795B9391"/>
</indexColumnUsage>
</ind_PK_UK>
<ind_PK_UK id="27D891D5-0385-2D7D-2580-C381C638D760" name="USER_LOG_USER_FK">
<createdBy>rm71058</createdBy>
<createdTime>2016-08-18 19:51:35 UTC</createdTime>
<generatorID>C07367B2-8E51-7A26-EAEC-58BBE0F9039C</generatorID>
<ownerDesignName>modeler</ownerDesignName>
<indexState>Foreign Key</indexState>
<isSurrogateKey>false</isSurrogateKey>
<indexColumnUsage>
<colUsage columnID="2AEFD399-8B81-F335-4158-AAC0DF97CBB0"/>
</indexColumnUsage>
</ind_PK_UK>
</indexes>
</Table>