<?xml version = '1.0' encoding = 'UTF-8'?>
<Table class="oracle.dbtools.crest.model.design.relational.Table" directorySegmentName="seg_0" id="9538DC53-90A5-4541-9DE7-3CBF412F87A0" name="NET_ACCOUNT">
<createdBy>rm71058</createdBy>
<createdTime>2016-08-18 19:51:35 UTC</createdTime>
<generatorID>D0EEE470-4CCA-29BD-5FF3-F9E8F1C76BDD</generatorID>
<ownerDesignName>modeler</ownerDesignName>
<allowColumnReorder>false</allowColumnReorder>
<existDependencyGenerateInDDl>true</existDependencyGenerateInDDl>
<parsed>true</parsed>
<columns itemClass="oracle.dbtools.crest.model.design.relational.Column">
<Column name="ACCESS_TOKEN_ID" id="050C27D5-1F3F-879C-F7B9-F3AEF0848583">
<createdBy>rm71058</createdBy>
<createdTime>2016-08-18 19:51:35 UTC</createdTime>
<generatorID>B6AE7ED3-B19D-9CC4-B9CF-BAFB3F57DF72</generatorID>
<ownerDesignName>modeler</ownerDesignName>
<useDomainConstraints>false</useDomainConstraints>
<use>1</use>
<logicalDatatype>LOGDT024</logicalDatatype>
<dataTypeSize>255</dataTypeSize>
<ownDataTypeParameters>255,,</ownDataTypeParameters>
<autoIncrementCycle>false</autoIncrementCycle>
</Column>
<Column name="USER_ID_USER" id="62FB07E8-8239-9C57-9BB3-FD553F7B5919">
<createdBy>rm71058</createdBy>
<createdTime>2016-08-18 19:51:35 UTC</createdTime>
<generatorID>37E3C7CD-D6B9-C85D-53FB-064AC30102D5</generatorID>
<ownerDesignName>modeler</ownerDesignName>
<useDomainConstraints>false</useDomainConstraints>
<use>1</use>
<logicalDatatype>LOGDT011</logicalDatatype>
<ownDataTypeParameters>,,</ownDataTypeParameters>
<previousColumn>false</previousColumn>
<autoIncrementCycle>false</autoIncrementCycle>
<associations>
<colAssociation fkAssociation="C0103764-99F2-0DE9-6CCF-29FD8979B7C9" referredColumn="80F6D8E2-38ED-26EF-DE25-09F1AF5DFBEE"/>
</associations>
</Column>
<Column name="IDENTIFIER" id="C8265908-1249-7486-E2DB-ED8BC21D7447">
<createdBy>rm71058</createdBy>
<createdTime>2016-08-18 19:51:35 UTC</createdTime>
<generatorID>DA6CF6B1-BF7B-3C59-0ACC-992D8FB607C4</generatorID>
<ownerDesignName>modeler</ownerDesignName>
<useDomainConstraints>false</useDomainConstraints>
<use>1</use>
<logicalDatatype>LOGDT024</logicalDatatype>
<dataTypeSize>50</dataTypeSize>
<ownDataTypeParameters>50,,</ownDataTypeParameters>
<autoIncrementCycle>false</autoIncrementCycle>
</Column>
<Column name="PROVIDER" id="5480A3C0-9EF1-6B56-3135-9E7E1A19B8C4">
<createdBy>rm71058</createdBy>
<createdTime>2016-08-18 19:51:35 UTC</createdTime>
<generatorID>66F95B20-9F83-B7FC-5697-534D9D418441</generatorID>
<ownerDesignName>modeler</ownerDesignName>
<useDomainConstraints>false</useDomainConstraints>
<use>1</use>
<logicalDatatype>LOGDT024</logicalDatatype>
<dataTypeSize>50</dataTypeSize>
<ownDataTypeParameters>50,,</ownDataTypeParameters>
<autoIncrementCycle>false</autoIncrementCycle>
</Column>
</columns>
<indexes itemClass="oracle.dbtools.crest.model.design.relational.Index">
<ind_PK_UK id="34D0D9BD-8DDE-866D-B6B0-09AB90D66948" name="NET_ACCOUNT_PK">
<createdBy>rm71058</createdBy>
<createdTime>2016-08-18 19:51:35 UTC</createdTime>
<generatorID>9CEAC311-D515-61C2-879A-F063F0D4587A</generatorID>
<ownerDesignName>modeler</ownerDesignName>
<pk>true</pk>
<indexState>Primary Constraint</indexState>
<isSurrogateKey>false</isSurrogateKey>
<indexColumnUsage>
<colUsage columnID="050C27D5-1F3F-879C-F7B9-F3AEF0848583"/>
</indexColumnUsage>
</ind_PK_UK>
<ind_PK_UK id="B3AF5EF1-38B0-574E-F51A-72DB54FFB315" name="NET_ACCOUNT_USER_FK">
<createdBy>rm71058</createdBy>
<createdTime>2016-08-18 19:51:35 UTC</createdTime>
<generatorID>6012FFC8-DF61-053D-C214-E40078F5EF7E</generatorID>
<ownerDesignName>modeler</ownerDesignName>
<indexState>Foreign Key</indexState>
<isSurrogateKey>false</isSurrogateKey>
<indexColumnUsage>
<colUsage columnID="62FB07E8-8239-9C57-9BB3-FD553F7B5919"/>
</indexColumnUsage>
</ind_PK_UK>
</indexes>
</Table>