<?xml version = '1.0' encoding = 'UTF-8'?>
<Table class="oracle.dbtools.crest.model.design.relational.Table" directorySegmentName="seg_0" id="A6D17711-EB91-25C8-1059-E2887A603903" name="DEVICE">
<createdBy>rm71058</createdBy>
<createdTime>2016-08-18 19:51:35 UTC</createdTime>
<generatorID>4459A014-4FAB-CF00-5833-D1D4FEC07984</generatorID>
<ownerDesignName>modeler</ownerDesignName>
<allowColumnReorder>false</allowColumnReorder>
<existDependencyGenerateInDDl>true</existDependencyGenerateInDDl>
<parsed>true</parsed>
<columns itemClass="oracle.dbtools.crest.model.design.relational.Column">
<Column name="ID_DEVICE" id="3DC5B845-5830-7FEA-08EB-E702A4CF56B7">
<createdBy>rm71058</createdBy>
<createdTime>2016-08-18 19:51:35 UTC</createdTime>
<generatorID>D299BAFA-3302-146D-FDD1-83E9AE89C377</generatorID>
<ownerDesignName>modeler</ownerDesignName>
<useDomainConstraints>false</useDomainConstraints>
<use>1</use>
<logicalDatatype>LOGDT011</logicalDatatype>
<ownDataTypeParameters>,,</ownDataTypeParameters>
<autoIncrementCycle>false</autoIncrementCycle>
</Column>
<Column name="ALIAS" id="2B088D80-9ACD-1336-DCF5-844D600B17A5">
<createdBy>rm71058</createdBy>
<createdTime>2016-08-18 19:51:35 UTC</createdTime>
<generatorID>B969E7F5-8266-ADF3-73C2-3D9F93D03D49</generatorID>
<ownerDesignName>modeler</ownerDesignName>
<useDomainConstraints>false</useDomainConstraints>
<use>1</use>
<logicalDatatype>LOGDT024</logicalDatatype>
<dataTypeSize>50</dataTypeSize>
<ownDataTypeParameters>50,,</ownDataTypeParameters>
<autoIncrementCycle>false</autoIncrementCycle>
</Column>
<Column name="COLOR" id="DDE5A44A-4727-4637-4B46-7A4A5FB386AB">
<createdBy>rm71058</createdBy>
<createdTime>2016-08-18 19:51:35 UTC</createdTime>
<generatorID>3CCD5270-A8B6-6654-793C-875BC62866D3</generatorID>
<ownerDesignName>modeler</ownerDesignName>
<nullsAllowed>true</nullsAllowed>
<useDomainConstraints>false</useDomainConstraints>
<use>1</use>
<logicalDatatype>LOGDT024</logicalDatatype>
<dataTypeSize>15</dataTypeSize>
<ownDataTypeParameters>15,,</ownDataTypeParameters>
<autoIncrementCycle>false</autoIncrementCycle>
</Column>
<Column name="FREQUENCY_UPDATE" id="1604961C-C92F-5D65-D6D9-139B7A5182CF">
<createdBy>rm71058</createdBy>
<createdTime>2016-08-18 19:51:35 UTC</createdTime>
<generatorID>8473E217-E086-8421-FD6A-DD6C48C47D71</generatorID>
<ownerDesignName>modeler</ownerDesignName>
<useDomainConstraints>false</useDomainConstraints>
<use>1</use>
<logicalDatatype>LOGDT011</logicalDatatype>
<ownDataTypeParameters>,,</ownDataTypeParameters>
<autoIncrementCycle>false</autoIncrementCycle>
</Column>
<Column name="LAST_LONGITUDE" id="D19F054D-227E-7B43-A837-97AE23AE6278">
<createdBy>rm71058</createdBy>
<createdTime>2016-08-18 19:51:35 UTC</createdTime>
<generatorID>DA9BF7B1-773D-CBFB-36A2-51005261301F</generatorID>
<ownerDesignName>modeler</ownerDesignName>
<nullsAllowed>true</nullsAllowed>
<useDomainConstraints>false</useDomainConstraints>
<use>1</use>
<logicalDatatype>LOGDT021</logicalDatatype>
<dataTypePrecision>9</dataTypePrecision>
<dataTypeScale>7</dataTypeScale>
<ownDataTypeParameters>,9,7</ownDataTypeParameters>
<autoIncrementCycle>false</autoIncrementCycle>
</Column>
<Column name="LAST_LATITUDE" id="398EA16F-023F-8484-3CA7-202B6EFDA541">
<createdBy>rm71058</createdBy>
<createdTime>2016-08-18 19:51:35 UTC</createdTime>
<generatorID>4068C144-3AC3-B4B9-068C-BAB13BD75E92</generatorID>
<ownerDesignName>modeler</ownerDesignName>
<nullsAllowed>true</nullsAllowed>
<useDomainConstraints>false</useDomainConstraints>
<use>1</use>
<logicalDatatype>LOGDT021</logicalDatatype>
<dataTypePrecision>9</dataTypePrecision>
<dataTypeScale>7</dataTypeScale>
<ownDataTypeParameters>,9,7</ownDataTypeParameters>
<autoIncrementCycle>false</autoIncrementCycle>
</Column>
<Column name="ALARM" id="3E8F5EC3-7524-ECF9-C156-6CDF4CE68308">
<createdBy>rm71058</createdBy>
<createdTime>2016-08-18 19:51:35 UTC</createdTime>
<generatorID>B41949F8-AF1B-CB64-ABAD-A86FD9AE7B5F</generatorID>
<ownerDesignName>modeler</ownerDesignName>
<nullsAllowed>true</nullsAllowed>
<useDomainConstraints>false</useDomainConstraints>
<use>1</use>
<logicalDatatype>LOGDT006</logicalDatatype>
<dataTypeSize>1</dataTypeSize>
<ownDataTypeParameters>1,,</ownDataTypeParameters>
<autoIncrementCycle>false</autoIncrementCycle>
</Column>
<Column name="USER_ID_USER" id="4F7AF5AE-85D4-5A54-D2AB-F0BDA2CC9E02">
<createdBy>rm71058</createdBy>
<createdTime>2016-08-18 19:51:35 UTC</createdTime>
<generatorID>E7D67B7F-ED02-AB5E-F03F-5F78C6A5FFA7</generatorID>
<ownerDesignName>modeler</ownerDesignName>
<useDomainConstraints>false</useDomainConstraints>
<use>1</use>
<logicalDatatype>LOGDT011</logicalDatatype>
<ownDataTypeParameters>,,</ownDataTypeParameters>
<previousColumn>false</previousColumn>
<autoIncrementCycle>false</autoIncrementCycle>
<associations>
<colAssociation fkAssociation="A6F9FAD8-43C9-C7F8-EB92-283B1E11DBA4" referredColumn="80F6D8E2-38ED-26EF-DE25-09F1AF5DFBEE"/>
</associations>
</Column>
<Column name="CREATED_AT" id="779094FF-27D3-24B2-1D7A-202F26C6F733">
<createdBy>rm71058</createdBy>
<createdTime>2016-08-18 19:51:35 UTC</createdTime>
<generatorID>18B56532-BFE3-EDF5-1687-A824F8F5F5E2</generatorID>
<ownerDesignName>modeler</ownerDesignName>
<useDomainConstraints>false</useDomainConstraints>
<use>1</use>
<logicalDatatype>LOGDT008</logicalDatatype>
<ownDataTypeParameters>,,</ownDataTypeParameters>
<autoIncrementCycle>false</autoIncrementCycle>
</Column>
<Column name="UPDATED_AT" id="EEB0F488-5790-713F-89B1-D72171E04FB5">
<createdBy>rm71058</createdBy>
<createdTime>2016-08-18 19:51:35 UTC</createdTime>
<generatorID>A1162402-248F-331F-F300-CC38D865A983</generatorID>
<ownerDesignName>modeler</ownerDesignName>
<useDomainConstraints>false</useDomainConstraints>
<use>1</use>
<logicalDatatype>LOGDT008</logicalDatatype>
<ownDataTypeParameters>,,</ownDataTypeParameters>
<autoIncrementCycle>false</autoIncrementCycle>
</Column>
</columns>
<indexes itemClass="oracle.dbtools.crest.model.design.relational.Index">
<ind_PK_UK id="DF07B9B0-93F0-F0AA-324C-E21927E5FCB8" name="DEVICE_PK">
<createdBy>rm71058</createdBy>
<createdTime>2016-08-18 19:51:35 UTC</createdTime>
<generatorID>76225908-3730-DBA0-8CBC-D7C3FF570093</generatorID>
<ownerDesignName>modeler</ownerDesignName>
<pk>true</pk>
<indexState>Primary Constraint</indexState>
<isSurrogateKey>false</isSurrogateKey>
<indexColumnUsage>
<colUsage columnID="3DC5B845-5830-7FEA-08EB-E702A4CF56B7"/>
</indexColumnUsage>
</ind_PK_UK>
<ind_PK_UK id="E4DC6E06-2144-482D-C085-0BFB90A4249F" name="DEVICE_USER_FK">
<createdBy>rm71058</createdBy>
<createdTime>2016-08-18 19:51:35 UTC</createdTime>
<generatorID>871BC53D-73D6-26F8-5371-EB42BB2A67FD</generatorID>
<ownerDesignName>modeler</ownerDesignName>
<indexState>Foreign Key</indexState>
<isSurrogateKey>false</isSurrogateKey>
<indexColumnUsage>
<colUsage columnID="4F7AF5AE-85D4-5A54-D2AB-F0BDA2CC9E02"/>
</indexColumnUsage>
</ind_PK_UK>
</indexes>
</Table>