<?xml version = '1.0' encoding = 'UTF-8'?>
<Table class="oracle.dbtools.crest.model.design.relational.Table" directorySegmentName="seg_0" id="B20F0E1B-983F-43BD-6EDB-0E894AD08904" name="POST">
<createdBy>rm71058</createdBy>
<createdTime>2016-08-18 19:51:35 UTC</createdTime>
<generatorID>058C6734-0C56-A10C-D60C-4C60E121C365</generatorID>
<ownerDesignName>modeler</ownerDesignName>
<allowColumnReorder>false</allowColumnReorder>
<existDependencyGenerateInDDl>true</existDependencyGenerateInDDl>
<parsed>true</parsed>
<columns itemClass="oracle.dbtools.crest.model.design.relational.Column">
<Column name="ID_POST" id="26B32362-4C10-D86A-716E-21C95F6704CB">
<createdBy>rm71058</createdBy>
<createdTime>2016-08-18 19:51:35 UTC</createdTime>
<generatorID>C1AC0BCE-D8A0-7DF4-A666-1F85F6F68633</generatorID>
<ownerDesignName>modeler</ownerDesignName>
<useDomainConstraints>false</useDomainConstraints>
<use>1</use>
<logicalDatatype>LOGDT011</logicalDatatype>
<ownDataTypeParameters>,,</ownDataTypeParameters>
<autoIncrementCycle>false</autoIncrementCycle>
</Column>
<Column name="TITLE" id="7120AD32-5D37-6D76-9A49-D443836CAFFC">
<createdBy>rm71058</createdBy>
<createdTime>2016-08-18 19:51:35 UTC</createdTime>
<generatorID>74B61263-1A76-518D-637C-212F678C62DE</generatorID>
<ownerDesignName>modeler</ownerDesignName>
<useDomainConstraints>false</useDomainConstraints>
<use>1</use>
<logicalDatatype>LOGDT024</logicalDatatype>
<dataTypeSize>255 BYTE</dataTypeSize>
<ownDataTypeParameters>255 BYTE,,</ownDataTypeParameters>
<autoIncrementCycle>false</autoIncrementCycle>
</Column>
<Column name="CONTENT" id="2FB19889-A3BA-51D1-41C2-DBE3F9D0FD25">
<createdBy>rm71058</createdBy>
<createdTime>2016-08-18 19:51:35 UTC</createdTime>
<generatorID>8B55DBF7-9EC5-6255-56A4-D6831EDA9E61</generatorID>
<ownerDesignName>modeler</ownerDesignName>
<useDomainConstraints>false</useDomainConstraints>
<use>1</use>
<logicalDatatype>LOGDT040</logicalDatatype>
<ownDataTypeParameters>,,</ownDataTypeParameters>
<autoIncrementCycle>false</autoIncrementCycle>
</Column>
<Column name="CREATED_AT" id="3D3A0BC8-41C3-01ED-A31C-9DA171D18C70">
<createdBy>rm71058</createdBy>
<createdTime>2016-08-18 19:51:35 UTC</createdTime>
<generatorID>E9042911-5671-17CD-B94B-419546FEA7F8</generatorID>
<ownerDesignName>modeler</ownerDesignName>
<useDomainConstraints>false</useDomainConstraints>
<use>1</use>
<logicalDatatype>LOGDT008</logicalDatatype>
<ownDataTypeParameters>,,</ownDataTypeParameters>
<autoIncrementCycle>false</autoIncrementCycle>
</Column>
<Column name="UPDATED_AT" id="D65762B9-482C-BBC4-F3AE-7E867CA65660">
<createdBy>rm71058</createdBy>
<createdTime>2016-08-18 19:51:35 UTC</createdTime>
<generatorID>A0BFC68F-D540-1FE1-0011-DC8378DAE204</generatorID>
<ownerDesignName>modeler</ownerDesignName>
<useDomainConstraints>false</useDomainConstraints>
<use>1</use>
<logicalDatatype>LOGDT008</logicalDatatype>
<ownDataTypeParameters>,,</ownDataTypeParameters>
<autoIncrementCycle>false</autoIncrementCycle>
</Column>
<Column name="PUBLISHED_AT" id="50B1E8ED-A6A8-A491-26FC-FDBD3F6DEE2D">
<createdBy>rm71058</createdBy>
<createdTime>2016-08-18 19:51:35 UTC</createdTime>
<generatorID>0C6D7D57-CAC7-EDFC-4440-0D871C3E9EBF</generatorID>
<ownerDesignName>modeler</ownerDesignName>
<nullsAllowed>true</nullsAllowed>
<useDomainConstraints>false</useDomainConstraints>
<use>1</use>
<logicalDatatype>LOGDT008</logicalDatatype>
<ownDataTypeParameters>,,</ownDataTypeParameters>
<autoIncrementCycle>false</autoIncrementCycle>
</Column>
<Column name="DELETED_AT" id="849B3143-F503-427C-B266-38D2C1470CCA">
<createdBy>rm71058</createdBy>
<createdTime>2016-08-18 19:51:35 UTC</createdTime>
<generatorID>0B52FD32-1E85-582B-71EF-549AA17C10C7</generatorID>
<ownerDesignName>modeler</ownerDesignName>
<nullsAllowed>true</nullsAllowed>
<useDomainConstraints>false</useDomainConstraints>
<use>1</use>
<logicalDatatype>LOGDT008</logicalDatatype>
<ownDataTypeParameters>,,</ownDataTypeParameters>
<autoIncrementCycle>false</autoIncrementCycle>
</Column>
<Column name="USER_ID_USER" id="C716C8C0-DB78-9338-4D7E-A93A308B6FA8">
<createdBy>rm71058</createdBy>
<createdTime>2016-08-18 19:51:35 UTC</createdTime>
<generatorID>464B5C42-F2A1-EFB1-0B7D-D1437B79CA91</generatorID>
<ownerDesignName>modeler</ownerDesignName>
<useDomainConstraints>false</useDomainConstraints>
<use>1</use>
<logicalDatatype>LOGDT011</logicalDatatype>
<ownDataTypeParameters>,,</ownDataTypeParameters>
<previousColumn>false</previousColumn>
<autoIncrementCycle>false</autoIncrementCycle>
<associations>
<colAssociation fkAssociation="81999507-15AB-F188-FB3E-74A9C4457B0A" referredColumn="80F6D8E2-38ED-26EF-DE25-09F1AF5DFBEE"/>
</associations>
</Column>
</columns>
<indexes itemClass="oracle.dbtools.crest.model.design.relational.Index">
<ind_PK_UK id="922134DA-D580-43DA-6978-980B467DFE08" name="POST_PK">
<createdBy>rm71058</createdBy>
<createdTime>2016-08-18 19:51:35 UTC</createdTime>
<generatorID>D242EBA0-5CCA-CD73-921E-5E0983D71F92</generatorID>
<ownerDesignName>modeler</ownerDesignName>
<pk>true</pk>
<indexState>Primary Constraint</indexState>
<isSurrogateKey>false</isSurrogateKey>
<indexColumnUsage>
<colUsage columnID="26B32362-4C10-D86A-716E-21C95F6704CB"/>
</indexColumnUsage>
</ind_PK_UK>
<ind_PK_UK id="8A6F6E97-312C-6FD7-51CB-6E2C914D0C9E" name="POST_USER_FK">
<createdBy>rm71058</createdBy>
<createdTime>2016-08-18 19:51:35 UTC</createdTime>
<generatorID>0F2BD66E-F46F-DCD8-8FAA-9FB34EA71F74</generatorID>
<ownerDesignName>modeler</ownerDesignName>
<indexState>Foreign Key</indexState>
<isSurrogateKey>false</isSurrogateKey>
<indexColumnUsage>
<colUsage columnID="C716C8C0-DB78-9338-4D7E-A93A308B6FA8"/>
</indexColumnUsage>
</ind_PK_UK>
</indexes>
</Table>