<?xml version = '1.0' encoding = 'UTF-8'?>
<FKIndexAssociation class="oracle.dbtools.crest.model.design.relational.FKIndexAssociation" directorySegmentName="seg_0" id="52DE043E-4067-7AD7-B0FA-2B3E518271BE" containerWithKeyObject="ACF4B2B5-2A25-9B88-ADD0-DA4615F009FE" localFKIndex="74EF4D47-9DAA-0AE8-5EE5-AAF41C3BC537" name="COMMENT_USER_FK">
<createdBy>rm71058</createdBy>
<createdTime>2016-08-18 19:51:35 UTC</createdTime>
<generatorID>284CB381-329F-3F6B-3B05-41293BCD7C20</generatorID>
<ownerDesignName>modeler</ownerDesignName>
<deleteRule>NO ACTION</deleteRule>
<referredTableID>6E987B90-8EB4-9779-E647-605D691311F9</referredTableID>
<keyObject>1F79C624-BCDF-8611-B7F7-B84015B79DE4</keyObject>
<referredKeyID>1F79C624-BCDF-8611-B7F7-B84015B79DE4</referredKeyID>
<mandatory>true</mandatory>
<transferable>true</transferable>
<rely>false</rely>
<columnDependencyConstraintGenerateInDDL>true</columnDependencyConstraintGenerateInDDL>
</FKIndexAssociation>