<?xml version = '1.0' encoding = 'UTF-8'?>
<FKIndexAssociation class="oracle.dbtools.crest.model.design.relational.FKIndexAssociation" directorySegmentName="seg_0" id="A6F9FAD8-43C9-C7F8-EB92-283B1E11DBA4" containerWithKeyObject="A6D17711-EB91-25C8-1059-E2887A603903" localFKIndex="E4DC6E06-2144-482D-C085-0BFB90A4249F" name="DEVICE_USER_FK">
<createdBy>rm71058</createdBy>
<createdTime>2016-08-18 19:51:35 UTC</createdTime>
<generatorID>871BC53D-73D6-26F8-5371-EB42BB2A67FD</generatorID>
<ownerDesignName>modeler</ownerDesignName>
<deleteRule>NO ACTION</deleteRule>
<referredTableID>6E987B90-8EB4-9779-E647-605D691311F9</referredTableID>
<keyObject>1F79C624-BCDF-8611-B7F7-B84015B79DE4</keyObject>
<referredKeyID>1F79C624-BCDF-8611-B7F7-B84015B79DE4</referredKeyID>
<mandatory>true</mandatory>
<transferable>true</transferable>
<rely>false</rely>
<columnDependencyConstraintGenerateInDDL>true</columnDependencyConstraintGenerateInDDL>
</FKIndexAssociation>