<?xml version = '1.0' encoding = 'UTF-8'?>
<FKIndexAssociation class="oracle.dbtools.crest.model.design.relational.FKIndexAssociation" directorySegmentName="seg_0" id="C0103764-99F2-0DE9-6CCF-29FD8979B7C9" containerWithKeyObject="9538DC53-90A5-4541-9DE7-3CBF412F87A0" localFKIndex="B3AF5EF1-38B0-574E-F51A-72DB54FFB315" name="NET_ACCOUNT_USER_FK">
<createdBy>rm71058</createdBy>
<createdTime>2016-08-18 19:51:35 UTC</createdTime>
<generatorID>6012FFC8-DF61-053D-C214-E40078F5EF7E</generatorID>
<ownerDesignName>modeler</ownerDesignName>
<deleteRule>NO ACTION</deleteRule>
<referredTableID>6E987B90-8EB4-9779-E647-605D691311F9</referredTableID>
<keyObject>1F79C624-BCDF-8611-B7F7-B84015B79DE4</keyObject>
<referredKeyID>1F79C624-BCDF-8611-B7F7-B84015B79DE4</referredKeyID>
<mandatory>true</mandatory>
<transferable>true</transferable>
<rely>false</rely>
<columnDependencyConstraintGenerateInDDL>true</columnDependencyConstraintGenerateInDDL>
</FKIndexAssociation>