<?xml version = '1.0' encoding = 'UTF-8'?>
<FKIndexAssociation class="oracle.dbtools.crest.model.design.relational.FKIndexAssociation" directorySegmentName="seg_0" id="EAD64368-DCF8-8CD1-811E-31FF86D4207C" containerWithKeyObject="34733ED7-170A-D033-3E00-9FD75EEDA3FA" localFKIndex="B2316ED8-C1E7-C706-96E0-9A1BB76D47AC" name="DEVICE_LOG_DEVICE_FK">
<createdBy>rm71058</createdBy>
<createdTime>2016-08-18 19:51:35 UTC</createdTime>
<generatorID>0F26043B-8DD6-DDF5-7AE5-14DFFB187C2D</generatorID>
<ownerDesignName>modeler</ownerDesignName>
<deleteRule>NO ACTION</deleteRule>
<referredTableID>A6D17711-EB91-25C8-1059-E2887A603903</referredTableID>
<keyObject>DF07B9B0-93F0-F0AA-324C-E21927E5FCB8</keyObject>
<referredKeyID>DF07B9B0-93F0-F0AA-324C-E21927E5FCB8</referredKeyID>
<mandatory>true</mandatory>
<transferable>true</transferable>
<rely>false</rely>
<columnDependencyConstraintGenerateInDDL>true</columnDependencyConstraintGenerateInDDL>
</FKIndexAssociation>