<?xml version = '1.0' encoding = 'UTF-8'?>
<Relation class="oracle.dbtools.crest.model.design.logical.Relation" name="FK_POST_COMMENT" directorySegmentName="seg_0" id="353506CA-B248-FC0D-A903-EE738A27F413">
<createdBy>rm71058</createdBy>
<createdTime>2016-08-17 23:57:24 UTC</createdTime>
<ownerDesignName>modeler</ownerDesignName>
<engineerTo>
<item key="DF6219EE-694E-D4BC-EA8B-F2DE0418F803" value="true"/>
</engineerTo>
<sourcePk>D242EBA0-5CCA-CD73-921E-5E0983D71F92</sourcePk>
<identifying>false</identifying>
<optionalSource>true</optionalSource>
<optionalTarget>false</optionalTarget>
<sourceCardinality>1</sourceCardinality>
<sourceEntity>058C6734-0C56-A10C-D60C-4C60E121C365</sourceEntity>
<targetCardinalityString>*</targetCardinalityString>
<targetEntity>0039DD51-88D1-C892-620C-E62089848B4D</targetEntity>
<transferable>true</transferable>
<deleteRule>NO ACTION</deleteRule>
</Relation>