<?xml version = '1.0' encoding = 'UTF-8'?>
<Relation class="oracle.dbtools.crest.model.design.logical.Relation" name="FK_POST_LOG" directorySegmentName="seg_0" id="7B54224A-23B4-59A1-EC92-EC4130E6BC85">
<createdBy>rm71058</createdBy>
<createdTime>2016-08-18 19:31:19 UTC</createdTime>
<ownerDesignName>modeler</ownerDesignName>
<engineerTo>
<item key="9062BAC3-0D1A-D7A6-BA8E-51291BBB34E8" value="true"/>
<item key="3372C2E8-5B71-407E-14E1-850F30084ADA" value="true"/>
</engineerTo>
<sourcePk>D242EBA0-5CCA-CD73-921E-5E0983D71F92</sourcePk>
<identifying>false</identifying>
<optionalSource>true</optionalSource>
<optionalTarget>false</optionalTarget>
<sourceCardinality>1</sourceCardinality>
<sourceEntity>058C6734-0C56-A10C-D60C-4C60E121C365</sourceEntity>
<targetCardinalityString>*</targetCardinalityString>
<targetEntity>8A1F8AF2-723D-7B92-8A9E-E7388C02737F</targetEntity>
<transferable>true</transferable>
<deleteRule>NO ACTION</deleteRule>
</Relation>