<?xml version = '1.0' encoding = 'UTF-8'?>
<Relation class="oracle.dbtools.crest.model.design.logical.Relation" name="FK_DEVICE_GEO_LOCATION_LOG" directorySegmentName="seg_0" id="D7D6C934-2B72-71EA-E4AE-3BB188F94025">
<createdBy>rm71058</createdBy>
<createdTime>2016-08-18 19:29:17 UTC</createdTime>
<ownerDesignName>modeler</ownerDesignName>
<engineerTo>
<item key="9062BAC3-0D1A-D7A6-BA8E-51291BBB34E8" value="true"/>
<item key="3372C2E8-5B71-407E-14E1-850F30084ADA" value="true"/>
</engineerTo>
<sourcePk>4FCE302C-E620-E4B8-09E5-5F458A4AD463</sourcePk>
<identifying>false</identifying>
<optionalSource>true</optionalSource>
<optionalTarget>false</optionalTarget>
<sourceCardinality>1</sourceCardinality>
<sourceEntity>133F100D-2CCB-2CA6-B364-018295BA2846</sourceEntity>
<targetCardinalityString>*</targetCardinalityString>
<targetEntity>20DFB261-2FF9-1FD5-7637-B5D60655A596</targetEntity>
<transferable>true</transferable>
<deleteRule>NO ACTION</deleteRule>
</Relation>