<?xml version = '1.0' encoding = 'UTF-8'?>
<Diagram class="oracle.dbtools.crest.swingui.relational.DPVRelational" name="Relational_1" id="2E5DA0E9-8736-3F6B-1C3E-A19CCCACF4FD">
<createdBy>rm71058</createdBy>
<modifiedBy>rm71058</modifiedBy>
<createdTime>2016-08-18 19:51:35 UTC</createdTime>
<autoRoute>false</autoRoute>
<boxInbox>true</boxInbox>
<showLegend>false</showLegend>
<showLabels>false</showLabels>
<showRelAttributes>false</showRelAttributes>
<gridEnabled>false</gridEnabled>
<showGrid>false</showGrid>
<diagramColor>-1</diagramColor>
<display>false</display>
<notation>1</notation>
<objectViews>
<OView class="oracle.dbtools.crest.swingui.relational.TVTable" oid="0466A10B-0B3C-ED90-C64C-26611CF6D108" otype="Table" vid="4660B168-90A9-590E-7455-7BB645D60AC8">
<hideElementsInCurrentOnly>false</hideElementsInCurrentOnly>
<bounds x="233" y="640" width="343" height="123"/>
</OView>
<OView class="oracle.dbtools.crest.swingui.relational.TVTable" oid="09D6E45C-D767-6F50-B8F3-64698B79F126" otype="Table" vid="2F8C4EB6-1F0F-AE98-9636-143C8FEE6F85">
<hideElementsInCurrentOnly>false</hideElementsInCurrentOnly>
<bounds x="15" y="607" width="170" height="110"/>
</OView>
<OView class="oracle.dbtools.crest.swingui.relational.TVTable" oid="1B76A3EC-D5D4-C452-DD1D-EF9336BC15B2" otype="Table" vid="42F70DCB-4880-9E8F-9E56-EEFC5235751B">
<hideElementsInCurrentOnly>false</hideElementsInCurrentOnly>
<bounds x="641" y="589" width="167" height="62"/>
</OView>
<OView class="oracle.dbtools.crest.swingui.relational.TVTable" oid="34733ED7-170A-D033-3E00-9FD75EEDA3FA" otype="Table" vid="710CFD72-0A53-408C-49F7-95037CC31FC5">
<hideElementsInCurrentOnly>false</hideElementsInCurrentOnly>
<bounds x="59" y="419" width="170" height="110"/>
</OView>
<OView class="oracle.dbtools.crest.swingui.relational.TVTable" oid="6B0D4B0A-9390-7B82-412A-89AEB4CB3392" otype="Table" vid="CDEEDD4D-8A80-A49A-1E15-73F3AB2AB957">
<hideElementsInCurrentOnly>false</hideElementsInCurrentOnly>
<bounds x="650" y="441" width="170" height="110"/>
</OView>
<OView class="oracle.dbtools.crest.swingui.relational.TVTable" oid="6E987B90-8EB4-9779-E647-605D691311F9" otype="Table" vid="31F64E3A-3FE5-B377-C96C-BFD0A28A61A9">
<hideElementsInCurrentOnly>false</hideElementsInCurrentOnly>
<bounds x="312" y="199" width="255" height="162"/>
</OView>
<OView class="oracle.dbtools.crest.swingui.relational.TVTable" oid="882AD772-567E-DEED-6E9B-578C19782589" otype="Table" vid="5EA8F61B-74F6-666D-D3B7-AA54A5A5DC73">
<hideElementsInCurrentOnly>false</hideElementsInCurrentOnly>
<bounds x="33" y="13" width="170" height="110"/>
</OView>
<OView class="oracle.dbtools.crest.swingui.relational.TVTable" oid="898FE2ED-F2DC-B898-7427-0AA346160317" otype="Table" vid="BF00CBE6-02E4-5F65-8E2E-C0AC02155EF8">
<hideElementsInCurrentOnly>false</hideElementsInCurrentOnly>
<bounds x="557" y="38" width="170" height="110"/>
</OView>
<OView class="oracle.dbtools.crest.swingui.relational.TVTable" oid="9538DC53-90A5-4541-9DE7-3CBF412F87A0" otype="Table" vid="842E3CF9-A518-62B3-64D4-C037C852F86D">
<hideElementsInCurrentOnly>false</hideElementsInCurrentOnly>
<bounds x="344" y="42" width="170" height="110"/>
</OView>
<OView class="oracle.dbtools.crest.swingui.relational.TVTable" oid="A6D17711-EB91-25C8-1059-E2887A603903" otype="Table" vid="E26C69F5-181D-9A72-11DC-11DA1EA17413">
<hideElementsInCurrentOnly>false</hideElementsInCurrentOnly>
<bounds x="292" y="395" width="249" height="193"/>
</OView>
<OView class="oracle.dbtools.crest.swingui.relational.TVTable" oid="ACF4B2B5-2A25-9B88-ADD0-DA4615F009FE" otype="Table" vid="063F9A90-A9F6-A90E-1E01-BBF463B8CB4B">
<hideElementsInCurrentOnly>false</hideElementsInCurrentOnly>
<bounds x="639" y="176" width="229" height="220"/>
</OView>
<OView class="oracle.dbtools.crest.swingui.relational.TVTable" oid="B20F0E1B-983F-43BD-6EDB-0E894AD08904" otype="Table" vid="9507BC8A-8578-E225-D014-01AC02FC64AF">
<hideElementsInCurrentOnly>false</hideElementsInCurrentOnly>
<bounds x="32" y="188" width="204" height="172"/>
</OView>
</objectViews>
<connectors>
<Connector class="oracle.dbtools.crest.swingui.relational.TVFKRelation" oid="52DE043E-4067-7AD7-B0FA-2B3E518271BE" otype="FKIndexAssociation" vid_source="31F64E3A-3FE5-B377-C96C-BFD0A28A61A9" vid_target="063F9A90-A9F6-A90E-1E01-BBF463B8CB4B">
<hideElementsInCurrentOnly>false</hideElementsInCurrentOnly>
<lineWidth>1</lineWidth>
<points>
<point x="567" y="290"/>
<point x="639" y="290"/>
</points>
</Connector>
<Connector class="oracle.dbtools.crest.swingui.relational.TVFKRelation" oid="81999507-15AB-F188-FB3E-74A9C4457B0A" otype="FKIndexAssociation" vid_source="31F64E3A-3FE5-B377-C96C-BFD0A28A61A9" vid_target="9507BC8A-8578-E225-D014-01AC02FC64AF">
<hideElementsInCurrentOnly>false</hideElementsInCurrentOnly>
<lineWidth>1</lineWidth>
<points>
<point x="312" y="299"/>
<point x="236" y="299"/>
</points>
</Connector>
<Connector class="oracle.dbtools.crest.swingui.relational.TVFKRelation" oid="8729E6F7-25EF-C247-BFE9-5E5600E8D01F" otype="FKIndexAssociation" vid_source="E26C69F5-181D-9A72-11DC-11DA1EA17413" vid_target="4660B168-90A9-590E-7455-7BB645D60AC8">
<hideElementsInCurrentOnly>false</hideElementsInCurrentOnly>
<lineWidth>1</lineWidth>
<points>
<point x="416" y="588"/>
<point x="416" y="640"/>
</points>
</Connector>
<Connector class="oracle.dbtools.crest.swingui.relational.TVFKRelation" oid="A6F9FAD8-43C9-C7F8-EB92-283B1E11DBA4" otype="FKIndexAssociation" vid_source="31F64E3A-3FE5-B377-C96C-BFD0A28A61A9" vid_target="E26C69F5-181D-9A72-11DC-11DA1EA17413">
<hideElementsInCurrentOnly>false</hideElementsInCurrentOnly>
<lineWidth>1</lineWidth>
<points>
<point x="426" y="361"/>
<point x="426" y="395"/>
</points>
</Connector>
<Connector class="oracle.dbtools.crest.swingui.relational.TVFKRelation" oid="B162BA11-944F-C176-453B-10FB34A767E2" otype="FKIndexAssociation" vid_source="4660B168-90A9-590E-7455-7BB645D60AC8" vid_target="2F8C4EB6-1F0F-AE98-9636-143C8FEE6F85">
<hideElementsInCurrentOnly>false</hideElementsInCurrentOnly>
<lineWidth>1</lineWidth>
<points>
<point x="233" y="688"/>
<point x="185" y="688"/>
</points>
</Connector>
<Connector class="oracle.dbtools.crest.swingui.relational.TVFKRelation" oid="BDCC5411-A88E-6369-1A2E-11F7BAA1B990" otype="FKIndexAssociation" vid_source="9507BC8A-8578-E225-D014-01AC02FC64AF" vid_target="063F9A90-A9F6-A90E-1E01-BBF463B8CB4B">
<hideElementsInCurrentOnly>false</hideElementsInCurrentOnly>
<lineWidth>1</lineWidth>
<points>
<point x="236" y="274"/>
<point x="639" y="274"/>
</points>
</Connector>
<Connector class="oracle.dbtools.crest.swingui.relational.TVFKRelation" oid="C0103764-99F2-0DE9-6CCF-29FD8979B7C9" otype="FKIndexAssociation" vid_source="31F64E3A-3FE5-B377-C96C-BFD0A28A61A9" vid_target="842E3CF9-A518-62B3-64D4-C037C852F86D">
<hideElementsInCurrentOnly>false</hideElementsInCurrentOnly>
<lineWidth>1</lineWidth>
<points>
<point x="429" y="199"/>
<point x="429" y="152"/>
</points>
</Connector>
<Connector class="oracle.dbtools.crest.swingui.relational.TVFKRelation" oid="CA4510BD-BD67-C12C-311B-2A291A79B5D7" otype="FKIndexAssociation" vid_source="9507BC8A-8578-E225-D014-01AC02FC64AF" vid_target="5EA8F61B-74F6-666D-D3B7-AA54A5A5DC73">
<hideElementsInCurrentOnly>false</hideElementsInCurrentOnly>
<lineWidth>1</lineWidth>
<points>
<point x="108" y="188"/>
<point x="108" y="123"/>
</points>
</Connector>
<Connector class="oracle.dbtools.crest.swingui.relational.TVFKRelation" oid="DA304621-66D7-D71A-D7C0-C5610889A83B" otype="FKIndexAssociation" vid_source="31F64E3A-3FE5-B377-C96C-BFD0A28A61A9" vid_target="BF00CBE6-02E4-5F65-8E2E-C0AC02155EF8">
<hideElementsInCurrentOnly>false</hideElementsInCurrentOnly>
<lineWidth>1</lineWidth>
<points>
<point x="562" y="199"/>
<point x="562" y="148"/>
</points>
</Connector>
<Connector class="oracle.dbtools.crest.swingui.relational.TVFKRelation" oid="EAD64368-DCF8-8CD1-811E-31FF86D4207C" otype="FKIndexAssociation" vid_source="E26C69F5-181D-9A72-11DC-11DA1EA17413" vid_target="710CFD72-0A53-408C-49F7-95037CC31FC5">
<hideElementsInCurrentOnly>false</hideElementsInCurrentOnly>
<lineWidth>1</lineWidth>
<points>
<point x="292" y="484"/>
<point x="229" y="484"/>
</points>
</Connector>
<Connector class="oracle.dbtools.crest.swingui.relational.TVFKRelation" oid="FBC50FFE-83C2-1237-7A16-1FCB7D9588A9" otype="FKIndexAssociation" vid_source="063F9A90-A9F6-A90E-1E01-BBF463B8CB4B" vid_target="CDEEDD4D-8A80-A49A-1E15-73F3AB2AB957">
<hideElementsInCurrentOnly>false</hideElementsInCurrentOnly>
<lineWidth>1</lineWidth>
<points>
<point x="735" y="396"/>
<point x="735" y="441"/>
</points>
</Connector>
</connectors>
</Diagram>