<?xml version = '1.0' encoding = 'UTF-8'?>
<Diagram class="oracle.dbtools.crest.swingui.logical.DPVLogicalSubView" name="From_RM_Relational_1 - SubView_1" id="49C6C59F-7F1B-E5A6-E4D3-888649157964">
<createdBy>rm71058</createdBy>
<modifiedBy>rm71058</modifiedBy>
<createdTime>2016-08-17 22:22:48 UTC</createdTime>
<autoRoute>false</autoRoute>
<boxInbox>true</boxInbox>
<showLegend>false</showLegend>
<showLabels>false</showLabels>
<showRelAttributes>false</showRelAttributes>
<gridEnabled>false</gridEnabled>
<showGrid>false</showGrid>
<diagramColor>-1</diagramColor>
<display>false</display>
<generatorId>9B0B8EC0-3B2A-6FE0-54CD-FA31008B82EA</generatorId>
<notation>1</notation>
</Diagram>