<?xml version = '1.0' encoding = 'UTF-8'?>
<Diagram class="oracle.dbtools.crest.swingui.logical.DPVLogical" name="Logical" id="FBFEE3CE-6107-F6BC-0E16-C6A6BF030F16">
<createdBy>rm71058</createdBy>
<modifiedBy>rm71058</modifiedBy>
<createdTime>2016-08-17 22:00:11 UTC</createdTime>
<autoRoute>false</autoRoute>
<boxInbox>true</boxInbox>
<showLegend>false</showLegend>
<showLabels>false</showLabels>
<showRelAttributes>false</showRelAttributes>
<gridEnabled>false</gridEnabled>
<showGrid>false</showGrid>
<diagramColor>-1</diagramColor>
<display>false</display>
<notation>2</notation>
<objectViews>
<OView class="oracle.dbtools.crest.swingui.logical.TVEntity" oid="0039DD51-88D1-C892-620C-E62089848B4D" otype="Entity" vid="5A998472-0163-CD87-4DF5-6FD67E640D91">
<hideElementsInCurrentOnly>false</hideElementsInCurrentOnly>
<bounds x="639" y="176" width="229" height="220"/>
</OView>
<OView class="oracle.dbtools.crest.swingui.logical.TVEntity" oid="02411E45-037E-1309-B46A-9D4D7EB6C75D" otype="Entity" vid="D8956802-033F-241F-413B-8CB034B7D8BA">
<hideElementsInCurrentOnly>false</hideElementsInCurrentOnly>
<bounds x="641" y="589" width="167" height="62"/>
</OView>
<OView class="oracle.dbtools.crest.swingui.logical.TVEntity" oid="058C6734-0C56-A10C-D60C-4C60E121C365" otype="Entity" vid="0BF4CCF0-C0B2-0B12-40FC-EBF600B44551">
<hideElementsInCurrentOnly>false</hideElementsInCurrentOnly>
<bounds x="32" y="188" width="204" height="172"/>
</OView>
<OView class="oracle.dbtools.crest.swingui.logical.TVEntity" oid="133F100D-2CCB-2CA6-B364-018295BA2846" otype="Entity" vid="FD45A684-629C-884A-A2FC-224804357195">
<hideElementsInCurrentOnly>false</hideElementsInCurrentOnly>
<bounds x="233" y="640" width="343" height="123"/>
</OView>
<OView class="oracle.dbtools.crest.swingui.logical.TVEntity" oid="20DFB261-2FF9-1FD5-7637-B5D60655A596" otype="Entity" vid="8EEEF778-A5E9-1361-E31B-EA16CA77B6F8">
<hideElementsInCurrentOnly>false</hideElementsInCurrentOnly>
<bounds x="15" y="607" width="170" height="110"/>
</OView>
<OView class="oracle.dbtools.crest.swingui.logical.TVEntity" oid="4459A014-4FAB-CF00-5833-D1D4FEC07984" otype="Entity" vid="1656F5C0-71A7-97A7-A643-9A455F144A9C">
<hideElementsInCurrentOnly>false</hideElementsInCurrentOnly>
<bounds x="292" y="395" width="249" height="193"/>
</OView>
<OView class="oracle.dbtools.crest.swingui.logical.TVEntity" oid="4DC60BB9-FCAE-C7BB-5FB2-23A212CD5E6E" otype="Entity" vid="E116AFC3-90DD-1C9C-7662-6C7A8D929F64">
<hideElementsInCurrentOnly>false</hideElementsInCurrentOnly>
<bounds x="557" y="38" width="170" height="110"/>
</OView>
<OView class="oracle.dbtools.crest.swingui.logical.TVEntity" oid="8A1F8AF2-723D-7B92-8A9E-E7388C02737F" otype="Entity" vid="3F51C5C4-9A83-7E49-7D5A-DCE379CD261F">
<hideElementsInCurrentOnly>false</hideElementsInCurrentOnly>
<bounds x="33" y="13" width="170" height="110"/>
</OView>
<OView class="oracle.dbtools.crest.swingui.logical.TVEntity" oid="BA771C5C-B53D-D60F-11A8-D99B91AF8C3E" otype="Entity" vid="F76078CE-085C-022D-943A-2A7758F52325">
<hideElementsInCurrentOnly>false</hideElementsInCurrentOnly>
<bounds x="59" y="419" width="170" height="110"/>
</OView>
<OView class="oracle.dbtools.crest.swingui.logical.TVEntity" oid="D0EEE470-4CCA-29BD-5FF3-F9E8F1C76BDD" otype="Entity" vid="60ED64AA-76C9-B73C-FEC9-B4DEE679DEAB">
<hideElementsInCurrentOnly>false</hideElementsInCurrentOnly>
<bounds x="344" y="42" width="170" height="110"/>
</OView>
<OView class="oracle.dbtools.crest.swingui.logical.TVEntity" oid="DB86FEFA-0602-3F85-B2B4-06A85D050278" otype="Entity" vid="8AF27B29-2E9F-A97F-77BF-0AA38BA174CD">
<hideElementsInCurrentOnly>false</hideElementsInCurrentOnly>
<bounds x="312" y="199" width="255" height="162"/>
</OView>
<OView class="oracle.dbtools.crest.swingui.logical.TVEntity" oid="F04ABB52-4A7E-B163-08F5-B537F24FAE6A" otype="Entity" vid="68FC56B3-8971-8447-4470-F2BC69AF4603">
<hideElementsInCurrentOnly>false</hideElementsInCurrentOnly>
<bounds x="650" y="441" width="170" height="110"/>
</OView>
</objectViews>
<connectors>
<Connector class="oracle.dbtools.crest.swingui.logical.TVRelation" oid="0F26043B-8DD6-DDF5-7AE5-14DFFB187C2D" otype="Relation" vid_source="1656F5C0-71A7-97A7-A643-9A455F144A9C" vid_target="F76078CE-085C-022D-943A-2A7758F52325">
<hideElementsInCurrentOnly>false</hideElementsInCurrentOnly>
<lineWidth>1</lineWidth>
<points>
<point x="292" y="484"/>
<point x="229" y="484"/>
</points>
</Connector>
<Connector class="oracle.dbtools.crest.swingui.logical.TVRelation" oid="0F2BD66E-F46F-DCD8-8FAA-9FB34EA71F74" otype="Relation" vid_source="8AF27B29-2E9F-A97F-77BF-0AA38BA174CD" vid_target="0BF4CCF0-C0B2-0B12-40FC-EBF600B44551">
<hideElementsInCurrentOnly>false</hideElementsInCurrentOnly>
<lineWidth>1</lineWidth>
<points>
<point x="312" y="299"/>
<point x="236" y="299"/>
</points>
</Connector>
<Connector class="oracle.dbtools.crest.swingui.logical.TVRelation" oid="284CB381-329F-3F6B-3B05-41293BCD7C20" otype="Relation" vid_source="8AF27B29-2E9F-A97F-77BF-0AA38BA174CD" vid_target="5A998472-0163-CD87-4DF5-6FD67E640D91">
<hideElementsInCurrentOnly>false</hideElementsInCurrentOnly>
<lineWidth>1</lineWidth>
<points>
<point x="567" y="290"/>
<point x="639" y="290"/>
</points>
</Connector>
<Connector class="oracle.dbtools.crest.swingui.logical.TVRelation" oid="353506CA-B248-FC0D-A903-EE738A27F413" otype="Relation" vid_source="0BF4CCF0-C0B2-0B12-40FC-EBF600B44551" vid_target="5A998472-0163-CD87-4DF5-6FD67E640D91">
<hideElementsInCurrentOnly>false</hideElementsInCurrentOnly>
<lineWidth>1</lineWidth>
<points>
<point x="236" y="274"/>
<point x="639" y="274"/>
</points>
</Connector>
<Connector class="oracle.dbtools.crest.swingui.logical.TVRelation" oid="6012FFC8-DF61-053D-C214-E40078F5EF7E" otype="Relation" vid_source="8AF27B29-2E9F-A97F-77BF-0AA38BA174CD" vid_target="60ED64AA-76C9-B73C-FEC9-B4DEE679DEAB">
<hideElementsInCurrentOnly>false</hideElementsInCurrentOnly>
<lineWidth>1</lineWidth>
<points>
<point x="429" y="199"/>
<point x="429" y="152"/>
</points>
</Connector>
<Connector class="oracle.dbtools.crest.swingui.logical.TVRelation" oid="7B54224A-23B4-59A1-EC92-EC4130E6BC85" otype="Relation" vid_source="0BF4CCF0-C0B2-0B12-40FC-EBF600B44551" vid_target="3F51C5C4-9A83-7E49-7D5A-DCE379CD261F">
<hideElementsInCurrentOnly>false</hideElementsInCurrentOnly>
<lineWidth>1</lineWidth>
<points>
<point x="108" y="188"/>
<point x="108" y="123"/>
</points>
</Connector>
<Connector class="oracle.dbtools.crest.swingui.logical.TVRelation" oid="871BC53D-73D6-26F8-5371-EB42BB2A67FD" otype="Relation" vid_source="8AF27B29-2E9F-A97F-77BF-0AA38BA174CD" vid_target="1656F5C0-71A7-97A7-A643-9A455F144A9C">
<hideElementsInCurrentOnly>false</hideElementsInCurrentOnly>
<lineWidth>1</lineWidth>
<points>
<point x="426" y="361"/>
<point x="426" y="395"/>
</points>
</Connector>
<Connector class="oracle.dbtools.crest.swingui.logical.TVRelation" oid="8DD3B6B7-09B0-2219-4321-252BE5A90F43" otype="Relation" vid_source="1656F5C0-71A7-97A7-A643-9A455F144A9C" vid_target="FD45A684-629C-884A-A2FC-224804357195">
<hideElementsInCurrentOnly>false</hideElementsInCurrentOnly>
<lineWidth>1</lineWidth>
<points>
<point x="416" y="588"/>
<point x="416" y="640"/>
</points>
</Connector>
<Connector class="oracle.dbtools.crest.swingui.logical.TVRelation" oid="AA8B327C-5B94-8F4B-15C8-29F5EDB08566" otype="Relation" vid_source="5A998472-0163-CD87-4DF5-6FD67E640D91" vid_target="68FC56B3-8971-8447-4470-F2BC69AF4603">
<hideElementsInCurrentOnly>false</hideElementsInCurrentOnly>
<lineWidth>1</lineWidth>
<points>
<point x="735" y="396"/>
<point x="735" y="441"/>
</points>
</Connector>
<Connector class="oracle.dbtools.crest.swingui.logical.TVRelation" oid="C07367B2-8E51-7A26-EAEC-58BBE0F9039C" otype="Relation" vid_source="8AF27B29-2E9F-A97F-77BF-0AA38BA174CD" vid_target="E116AFC3-90DD-1C9C-7662-6C7A8D929F64">
<hideElementsInCurrentOnly>false</hideElementsInCurrentOnly>
<lineWidth>1</lineWidth>
<points>
<point x="562" y="199"/>
<point x="562" y="148"/>
</points>
</Connector>
<Connector class="oracle.dbtools.crest.swingui.logical.TVRelation" oid="D7D6C934-2B72-71EA-E4AE-3BB188F94025" otype="Relation" vid_source="FD45A684-629C-884A-A2FC-224804357195" vid_target="8EEEF778-A5E9-1361-E31B-EA16CA77B6F8">
<hideElementsInCurrentOnly>false</hideElementsInCurrentOnly>
<lineWidth>1</lineWidth>
<points>
<point x="233" y="688"/>
<point x="185" y="688"/>
</points>
</Connector>
</connectors>
</Diagram>